Kodas,EAN,Likutis
78060,5712854177474,1
23347,5707167944011,640
79103,5707167231456,5
79106,5707167231562,62
79104,5707167231494,2
79109,5707167231661,43
79107,5707167231609,2
79108,5707167231630,19
5922,5200384515922,1
29121,5712854149303,17
29138,5712854149815,1
5939,5200384515939,7
29175,5712854226721,358
29178,5712854226783,21
51235,5712854315371,127
51238,5712854315432,93
51237,5712854315418,59
51236,5712854315395,245
78922,5707167199985,46
7002,5710409103428,6
78928,5707167200162,156
LT064,5060272131302,15
4022,5710409102414,46
78923,5707167200018,155
57798,5707167557273,6
78926,5707167200131,22
78925,5707167200070,195
3752,5710409102582,38
78927,5707167200100,155
LT084,5060272132309,21
LT082,5060272132248,33
4088,5710409103022,116
4091,5710409103053,111
LT078,5060272132125,39
C20136,8412906201368,2
4093,5710409103077,149
57855,5707167005057,69
4094,5710409103084,151
57856,5707167005095,89
4103,5710409103343,91
C20133,8412906201337,1
LT058,5060272131487,27
4106,5710409103374,50
LT054,5060272131364,118
4109,5710409103541,421
LT052,5060272131661,22
4023,5710409102421,166
LT045,5060272130947,38
4025,5710409102445,230
4024,5710409102438,174
4026,5710409102452,93
4027,5710409102469,12
LT053,5060272131333,22
LT004,5060272130169,2
LT051,5060272131272,11
3724,5710409101585,109
3350,5710409100465,28
3729,5710409101639,7
3737,5710409101967,300
3741,5710409102001,3
3310,5710409100038,40
3311,5710409100045,10
3312,5710409100052,27
5008,5710409102698,2
5009,5710409102704,5
3320,5710409100069,6
3210,5710409200011,62
3373,5710409100595,9
10731,5710409100441,10
3232,5710409200202,6
3374,5710409100601,6
3246,5710409200370,3
3375,5710409100618,4
3230,5710409200165,11
3231,5710409200172,6
Y99803,8412906998039,26
Y99805,8412906998053,14
Y99002,8412906990026,6
Y99001,8412906990019,9
Y96018,8412906960180,49
Y96007,8412906960074,65
Y96021,8412906960210,43
Y96008,8412906960081,19
Y96020,8412906960203,17
Y96010,8412906960104,19
Y23149,8412906231495,4
Y99675,8412906996752,18
Y99674,8412906996745,59
Y99671,8412906996714,27
Y99670,8412906996707,23
Y99673,8412906996738,40
Y99672,8412906996721,18
G0607n,5200384516332,99
0200,5200384510200,11
6944,5200384506944,93
7965,5200384507965,2
7958,5200384507958,5
160038,4041077000780,78
160037,4041077000803,1
160035,4041077000827,157
160064,4041077001930,50
160649,4041077008274,16
160542,4041077006331,105
160543,4041077006348,23
160544,4041077006355,71
160178,4041077002708,31
160562,4041077006812,51
160358,4041077004450,9
SP70426,2780015670426,161
SP70013,2780015670013,7
SP70174,2780015670174,48
SP70136,2780015670136,78
SP70051,2780015670051,49
SP70211,2780015670211,83
SP71201,2780015671201,97
SP70259,2780015670259,48
SPG0011,5060639145317,420
SPG0021,5060639142484,124
SPG0031,5060639145355,380
LS-S11002,4260350560517,42
SPG0041,5060639143214,321
LS-S11004,4260350560531,31
LS-S11101,4260350560654,21
LS-S11102,4260350560975,31
LS-S11103,4260350560982,32
LS-S11105,4260350561095,21
LS-M03000/J03000,8719831530786,29
SP42231,5060639145843,8
SP42248,5060639145836,36
YO51465,4260243451465,542
YO51441,4260243451441,275
YO51458,4260243451458,153
BN70612,4011768706123,15
BN82147,4019359821477,18
YO31012/YO51533,4260243451533,6
40735,3760039940735,24
40889,3760039940889,5
40742,3760039940742,59
40490,3760039940490,20
41015,3760039941015,4
10202,3760039941022,90
3789,5710409103695,13
3271,5710409200776,51
3273,5710409200790,34
3272,5710409200783,6
PN26522,9786099526522,51
BN84204,4019359842045,126
BN83529,4019359835290,72
BN83412,4019359834125,28
BN81670,4019359816701,19
BN9989044,4019359890442,5
BN84168,4019359841680,58
BN86551,4019359865518,1
BN84163,4019359841635,15
BN84160,4019359841604,60
BN84154,4019359841543,31
BN84068,4019359840683,36
BN13205,4019359132054,12
BN84175,4019359841758,1
BN84199,4019359841994,1
BN82197,4019359821972,45
BN82134,4019359821347,66
BN9989063,4019359890633,1
BN9989082,4019359890824,15
BN9086042,4019359860421,345
BN9086041,4019359860414,1
BN84189,4019359841895,11
BN9086586,4019359865860,44
BN84070,4019359840706,54
BN82763,4019359827639,136
BN9989072,4019359890725,8
BN9989073,4019359890732,10
BN13203,4019359132030,26
BN88047,4019359880474,2
BN88023,4019359880238,2
BN88060,4019359880603,67
BN88079,4019359880795,44
BN88114,4019359881143,19
BN88115,4019359881150,81
BN84029,4019359840294,31
BN84082,4019359840829,3
BN84081,4019359840812,9
BN88015,4019359880153,19
BN82071,4019359820715,4
BN82077,4019359820777,7
BN88102,4019359881020,35
BN82810,4019359828100,2
PN26508,9786099526508,286
BN86564,4019359865648,1
PN26546,9786099526546,46
BN83651,4019359836518,1
BN86554,4019359865549,43
BN83725,4019359837256,7
BN63105,4011768631050,1
BN81032,4019359810327,40
BN82725,4019359827257,2
BN82816,4019359828162,2
BN82817,4019359828179,5
BN82818,4019359828186,3
BN84203,4019359842038,22
BN84205,4019359842052,2
BN86561,4019359865617,7
BN88001,4019359880016,19
BN88118,4019359881181,31
PN60112,4779030060112,946
BN33027,4019359330276,4
PN60167,4779030060167,980
PN60150,4779030060150,300
PN60181,4779030060181,137
BN84194,4019359841949,10
BN84186,4019359841864,16
PN60204,4779030060204,570
PN60242,4779030060242,1
PN60136,4779030060136,486
PN60143,4779030060143,248
PN60358,4779030060358,697
PN60341,4779030060341,151
PN60419,4779030060419,2
PN60303,4779030060303,175
BN83390,4019359833906,25
BN33025,4019359330252,9
BN9989031,4019359890312,14
BN9989035,4019359890350,12
BN9989034,4019359890343,23
BN9989085,4019359890855,25
BN82809,4019359828094,13
BN82146,4019359821460,29
BN13796,4019359137967,3
BN82912,4019359829121,2
AR190/D,8427614001902,10
3224,5710409200714,66
3225,5710409200721,86
27070,5712854125215,96
7003,5710409103435,29
BN82232,4019359822320,421
YO51847,4260243451847,23
4184,5710409104210,50
4183,5710409104203,10
3805,5710409103855,1
4191,5710409104395,17
4195,5710409104487,80
4120,5710409103688,140
4200,5710409104722,91
4118,5710409103664,5
4119,5710409103671,9
4113,5710409103619,33
4115,5710409103633,60
4114,5710409103626,165
4240,5710409104753,68
4185,5710409104227,57
4186,5710409104234,13
4187,5710409104241,57
3828,5710409104760,61
3808,5710409104333,43
3811,5710409104364,7
3812,5710409104371,1
3274,5710409200806,38
3275,5710409200813,32
SP42415,5060639142415,7
SP42385,5060639142385,2
SP42354,5060639142354,6
BN82135,4019359821354,25
BN84088,4019359840881,11
BN72439,4011768724394,12
JUG0258,8435418802205,54
JUG0313,8435418802755,24
150521,4041077200036,4
150519,4041077200210,11
150520,4041077200234,2
160171,4041077002579,11
BMBT-0005,817742022197,16
BMBT-WA,188561000186,24
BMLF-0003-EU,817742024122,12
BMLF-0005-EU,817742024146,18
BMLF-0014-EU,817742024214,81
BMPF-0002-EU,817742023958,24
BMPF-0003-EU,817742023965,8
BMPF-0084-EU,817742026669,15
40P3568,5055166355186,11
43P6402,5055166357326,48
37P3097,5055166349970,16
43P6401,5055166357319,57
40P3561,5055166355117,29
40P3563,5055166355131,5
40P3564,5055166355148,79
40P3587,5055166355377,5
39P3511,5055166353113,17
38P3417,5055166352178,85
39P3517,5055166353175,34
38P3415,5055166352154,9
AR60294,8427614602949,11
AR60295,8427614602956,13
AR60297,8427614602970,8
AR60298,8427614602987,1
YO51854,4260243451854,36
BN9987137,4019359871373,734
BN9987138,4019359871380,314
BN9987139,4019359871397,309
BN9987140,4019359871403,130
3287,5710409200912,9
YO51410,4260243451410,40
YO51427,4260243451427,11
3848,5710409105194,4
3406,5710409105484,17
3288,5710409200929,2
3286,5710409200905,58
7007,5710409105248,6
7008,5710409105255,63
7010,5710409105279,26
IG0293,4820148900293,121
IG0255,4820148900255,50
IG0118,4820148900118,9
IG0040,4820148900040,30
IG0323,4820148900323,34
IG0330,4820148900330,63
IG0347,4820148900347,2
IG0354,4820148900354,3
IG0361,4820148900361,2
580504,5712854401777,44
580505,5712854401791,122
580503,5712854401753,47
580507,5712854401838,12
580501,5712854401715,22
SP42662,5060639145850,43
40P3571,5055166355216,36
LT071,5060272131913,39
LT124,5060272132750,18
LT142,5060272132903,118
LT144,5060272132965,119
LT151,5060272133191,5
LT150,5060272133160,19
27190,5712854375320,321
AR6061,8427614060619,1
AR6060,8427614060602,2
BMWG-0013,817742021558,7
BMWG-0022,817742024849,4
BMWG-CAT,188561000100,3
AR6014,8427614060145,8
AR60314,8427614603144,1
BN84053,4019359840539,7
Y97033,8412906970332,1
Y97034,,10
Y97037,8412906970370,3
YO51861,4260243451861,42
3247,5710409200387,4
3289,5710409200943,4
3290,5710409200950,1
3292,5710409200974,10
3293,5710409200981,12
3387,5710409102766,6
3413,5710409201087,4
7011,5710409105613,12
7012,5710409105620,18
7013,5710409105941,31
42P6317,5055166356473,4
40P3562,5055166355124,22
41P3644,5055166355940,31
37P3049,5055166349499,8
40P3550,5055166355001,16
36P2683,5055166348454,45
41P3652,5055166356022,69
40P3604,5055166355544,25
41P3649,5055166355995,2
41P3650,5055166356008,27
42P6358,5055166356886,3
42P6351,5055166356817,3
YO50567,4260243450567,21
YO50536,4260243450536,4
YO50130,4260243450130,2
YO50161,4260243450161,2
YO51588,4260243451588,5
YO51595,4260243451595,9
160815,4041077010802,18
160817,4041077010680,41
160816,4041077010659,31
160748,4041077010109,164
160819,4041077010741,25
160818,4041077010710,18
160820,4041077010772,8
160179,4041077002715,76
160359,4041077004467,13
160741,4041077009974,1
160742,4041077009981,2
160743,4041077009998,1
160517,4041077006065,8
AR60652,8427614606527,3
AR191/D,8427614001919,4
B0833,6938242957032,473
B0632,6938242954024,103
B0523,6938242952938,42
MCP-BB,5060204030208,45
MCP-PE,5060204030383,37
MCP-DI,5060204030369,18
42P6359,5055166356893,3
36P2685,5055166348478,18
110103,5425020500029,2
111203,5425020500234,1
110112,5425020500036,2
110203,5425020500043,2
110212,5425020500050,3
111303,5425020500265,2
111312,5425020500272,2
111403,5425020500685,1
111412,5425020500692,2
110412,5425020500074,6
110903,5425020500166,2
110912,5425020500173,24
110712,5425020500135,2
111512,5425020500302,1
111003,5425020500180,1
111012,5425020500197,1
110612,5425020500111,5
111103,5425020500203,1
111112,5425020500210,5
111603,5425020500340,2
111610,5425020500357,1
110803,5425020500142,2
110812,5425020500159,2
115101,5425020500500,6
115301,5425020500524,7
LT159,5060272133443,27
LT164,5060272133511,36
210101,5425020500364,4
210301,5425020500401,2
210308,5425020500418,2
210201,5425020500388,5
210501,5425020500449,9
210508,5425020500456,8
210601,5425020500463,9
210608,5425020500470,1
210701,5425020500487,2
210208,5425020500395,2
SP44259,5060639144259,49
SPgrafiti,5060639144723,17
38P3398,5055166351980,16
BN9086037,4019359860377,12
BN9086040,4019359860407,3
YO51908,4260243451908,20
SP45263,5060639145263,23
SP44747,5060639144747,3
SP44754,5060639144754,2
SP44761,5060639144761,21
SP44785,5060639144785,7
SP44792,5060639144792,1
SP44808,5060639144808,3
BN88120,4019359881204,145
BN88264,4019359882645,7
BN83655,4019359836556,41
BN82739,4019359827394,4
BN82796,4019359827967,5
3423,5710409201209,277
3425,5710409201223,5
43P6385,5055166357159,7
43P6388,5055166357180,7
43P6387,5055166357173,34
43P6386,5055166357166,27
43P6396,5055166357265,13
43P6398,5055166357289,33
43P6397,5055166357272,56
43P6407,5055166357371,21
43P6399,5055166357296,6
43P6400,5055166357302,29
BN88263,4019359882638,38
BN88265,4019359882652,21
LV1908,9790902171908,11
LV3009,9790706173009,14
LV3016,9790706173016,23
YO50154,4260243450154,1
YO82338,4260243182338,8
YO51717,4260243451717,43
YO51724,4260243451724,57
YO51496,4260243451496,16
YO51489,4260243451489,75
YO51915,4260243451915,18
57474,5707167945230,343
212401,5425020500593,21
212301,5425020500609,41
43P6364,5055166356947,5
41P3661,5055166356114,1
41P3660,5055166356107,14
41P3659,5055166356091,3
43P6363,5055166356930,24
42P6321,5055166356510,10
44P6422,5055166357524,46
42P6340,5055166356701,19
40P3597,5055166355476,21
40P3600,5055166355506,9
42P6327,5055166356572,8
42P6331,5055166356619,30
37P3110,5055166350105,9
37P3111,5055166350112,6
42P6328,5055166356589,9
39P3525,5055166353250,5
37P3105,5055166350051,3
39P3530,5055166353304,4
38P3437,5055166352376,2
44P6427,5055166357579,7
43P6361,5055166356916,5
42P6336,5055166356664,2
42P6337,5055166356671,8
42P6335,5055166356657,4
42P6338,5055166356688,3
40P3590,5055166355407,9
43P6375,5055166357050,3
43P6376,5055166357067,2
43P6374,5055166357043,8
43P6377,5055166357074,10
LT128,5060272132873,21
LT155,5060272133313,31
S-12025,4260350563099,56
S-12036,4260350563105,30
M-09001,4260350564577,17
M-09002,4260350564584,27
43P6404,5055166357340,65
38P3381,5055166351812,22
42P6357,5055166356879,27
41P3647,5055166355971,34
44P6442,5055166357722,32
44P6440,5055166357708,5
44P6454,5055166357845,13
44P6455,5055166357852,33
44P6453,5055166357838,3
44P6433,5055166357630,44
44P6434,5055166357647,11
44P6435,5055166357654,35
44P6444,5055166357746,16
IG0446,4820148900446,101
IG0163,4820148900163,144
IG0071,4820148900071,9
IG0149,4820148900149,23
IG0460,4820148900460,8
IG0132,4820148900132,16
ITBCAM,3512610310006,8
ITBBAN,3512610210009,5
ITBSAV,3512610410003,6
CL0020,5200384502854,35
CL0019,5200384501505,2
CL0017,5200384501482,25
CL0004,5200384501543,24
CL0001,5200384501512,13
CL0005,5200384501550,9
CL0012,5200384502830,3
ITNCDPE,3512610454427,92
ITNCDEC,3512610454458,52
ITB3+,3512610003618,19
ITB4+,3512610440000,3
ITB4+MAXI,3512610444008,9
ITB6+MAXI,3512610000051,4
ITBMDL,3512610314417,40
MDLZEN,3512610001546,12
ITBMDLMINI,3512610434443,20
MDLFLO,3512610125006,13
ITBCH,3512610331209,14
MLDEC,3512610045304,11
MLAND,3512610014409,3
MJMPS,3512610053149,28
MJMPF,3512610353119,27
MJMPV,3512610353126,11
JCER5001,3760077550019,1
MJAN00,3512610351405,1
ITB36AB,3512610361206,1
ITBMOSA,3512610100003,1
MJPA00,3512610351108,2
MJAL00,3512610000129,1
MJMV00,3512610353201,4
MJIL00,3512610000426,2
TRIA00,3512610000532,2
ACM1,3512610133018,1
MCP-PIDR,5060204032943,4
MCP-CF,5060204031557,18
MLTP-RB-PIDR-18-24,5060204032707,8
MLTP-RB-PIDR-2-3,5060204032721,12
MLTP-RB-PIDR-3-4,5060204032745,7
MLTP-RB-BB-18-24,5060204031809,13
MLTP-RB-BB-2-3,5060204031823,18
MLTP-RB-BB-3-4,5060204031847,11
BMBT-0004,817742022012,113
3910,5710409106894,24
3912,5710409106917,7
3913,5710409106924,14
3914,5710409106931,8
3915,5710409106948,44
3908,5710409106870,39
3907,5710409106863,53
SP45485,5060639145485,4
SP45522,5060639145522,14
SP45614,5060639145614,23
SP45621,5060639145621,34
SP45546,5060639145546,25
SP45553,5060639145553,31
PN60402,4779030060402,48
PN60396,4779030060396,35
SP42293,5060639142293,23
2182,5200384502182,43
2168,5200384502168,37
MLTP-PW-DI-18-24,5060204032103,15
MLTP-PW-DI-2-3,5060204032127,16
MLTP-PW-DI-3-4,5060204032141,10
160869,4041077011274,2
160873,4041077001077,1
AR12115,8427614121150,17
AR12114,8427614121143,73
AR6069,8427614060695,22
AR6362,8427614063627,15
AR6050,8427614060503,9
AR40622,8427614406226,14
AR40623,8427614406233,5
AR40624,8427614406240,3
3924,5710409107310,18
3925,5710409107327,104
3926,5710409107334,45
3927,5710409107341,37
4244,5710409105477,38
4264,5710409106825,44
4265,5710409106832,81
4246,5710409105590,357
4242,5710409105231,273
4241,5710409105224,78
4261,5710409106795,22
4262,5710409106801,10
4257,5710409106757,65
4258,5710409106764,11
4259,5710409106771,20
3918,5710409107129,9
3909,5710409106887,14
3430,5710409201278,10
3919,5710409107136,18
CH0002,5200384501062,50
CH0003,5200384501079,13
CH0004,5200384501086,6
CH0010,5200384501147,11
CH0024,5200384501284,8
CH0009,5200384501130,9
CH0011,5200384501154,38
CH0012,5200384501161,55
CH0013,5200384501178,37
CH0014,5200384501185,14
CH0015,5200384501192,12
CH0017,5200384501215,11
CH0020,5200384501246,7
CH0021,5200384501253,11
CH0022,5200384501260,18
CH0007,5200384501116,1
CH0023,5200384501277,17
CH0016,5200384501208,48
CH0019,5200384501239,10
CH0008,5200384501123,11
CH0006,5200384501109,45
CH1004,5200384501390,24
CH1000,5200384501369,17
CH1002,5200384501376,6
BN9986096,4019359860964,467
BN82814,4019359828148,3
YO50444,4260243450444,35
YO62061,4260243262061,17
PN60228,4779030060228,25
3765,5710409102858,235
3929,5710409107587,73
3931,5710409107600,1
4287,5710409107563,465
4286,5710409107556,59
4285,5710409107549,31
4284,5710409107532,504
3932,5710409107617,16
3933,5710409107624,19
3923,5710409107235,6
YO50147,4260243450147,2
YO50086,4260243450086,3
51024,5712854027731,147
42P6342,5055166356725,13
YO50208,4260243450208,79
4243,5710409105415,33
BN9086023-1,4019359860230,12
PN60365,4779030060365,74
42P6329,5055166356596,7
4238,5710409104739,95
J10117,650726210117,54
J10780,650726210780,126
J10353,650726210353,45
J80694,753068880694,16
J80717,753068880717,2
J38959,617762138959,5
J10063,650726210063,1
J80380,753068880380,33
J80397,753068880397,12
J80311,753068880311,72
J80342,753068880342,45
J80359,753068880359,41
L2174,3550839921740,23
L2222,3550839922228,7
L2224,3550839922242,6
L2781,3550839927810,11
L3452,3550839934528,48
L3455,3550839934559,6
L10014,3550833100141,3
L20005,3550833200056,1
L20012,3550833200124,1
L20015,3550833200155,2
L20018,3550833200186,2
L30008,3550833300084,12
L30012,3550833300121,8
L30021,3550833300213,1
L30022,3550833300220,4
L30038,3550833300381,13
L30055,3550833300558,12
L30065,3550833300657,12
L30111,3550833301111,19
L30113,3550833301135,32
L30122,3550833301227,46
L30125,3550833301258,13
L40009,3550833400098,7
L40057,3550833400579,25
L40058,3550833400586,35
L40059,3550833400593,7
L40061,3550833400616,39
L40071,3550833400715,22
L40073,3550833400739,16
L90035,3550833900352,8
L90037,3550833900376,19
L90105,3550833901052,6
YO-895,,1
L90107,3550833901076,12
L30078,3550833300787,30
L90104,3550833901045,6
L90101,3550833901014,3
L30089,3550833300893,1
L30074,3550833300749,10
L30076,3550833300763,2
L30088,3550833300886,13
L30087,3550833300879,23
L30091,3550833300916,10
L30099,3550833300992,31
SP46383,5060639146383,14
SP46369,5060639146369,29
L30043,3550833300435,39
L30093,3550833300930,85
L30095,3550833300954,112
L40064,3550833400647,7
L40060,3550833400609,21
L30092,3550833300923,20
L30068,3550833300688,21
4277,5710409106726,33
4278,5710409106733,62
4279,5710409106740,78
4280,5710409107280,68
46P6536,5055166358750,1
3928,5710409107419,34
40315,3760039940315,57
SP46017,5060639146017,9
SP46000,5060639146000,119
SP45997,5060639145997,36
SP45980,5060639145980,3
BM0658,5200384503813,83
SN3912,5200384503912,7
IG0385,4820148900385,74
IG0422,4820148900422,36
IG0514,4820148900514,37
IG0477,4820148900477,16
IG0439,4820148900439,144
KT5379WBE,4779030060105,149
KT5379WSR,4779030060426,50
KT5379WBK,4779030060433,165
KT5379WWE,4779030060440,187
KT5393WYW,4779030060457,256
KT5393WOE,4779030060464,205
KT5393WGY,4779030060471,270
KT5393WWE,4779030060488,288
KT5422WRD,4779030060495,142
KT5422WBE,4779030060501,232
KT5422WYW,4779030060518,59
KT5422WBK,4779030060525,199
KT5436WRD,4779030060532,217
KT5436WBK,4779030060556,143
KT5436WWE,4779030060563,172
KT5437WRD,4779030060570,140
KT5437WBE,4779030060587,39
KT5437WYW,4779030060594,72
KT5437WWE,4779030060600,187
KT5442WBE,4779030060624,226
KT5442WYW,4779030060631,198
47P5970,5055166359702,12
47P5973,5055166359733,7
46P6519,5055166358583,16
46P6517,5055166358569,6
44P6438,5055166357685,27
43P6394,5055166357241,22
47P5962,5055166359627,11
47P5960,5055166359603,20
47P5961,5055166359610,15
47P5955,5055166359559,23
47P5954,5055166359542,36
KT5442WWE,4779030060648,250
3946,5710409108126,320
3947,5710409108133,53
3948,5710409108140,53
3949,5710409108157,8
4304,5710409108607,34
4305,5710409108614,64
L30096,3550833300961,42
YO-939,,1
YO-328,YO-328,1
4283,5710409107525,59
4282,5710409107518,340
HE001,5200384504100,62
HE002,5200384504117,97
3443,5710409201391,17
L40018,3550833400180,9
MLSS-GRN-P,5060204033315,7
MLSS-PIN-P,5060204033353,3
MLSS-CA,5060204030598,7
MLSS-DI,5060204030611,6
MLSS-LB,5060204030567,12
MLSS-PIDR,5060204032967,8
MLTS-PIN-P,5060204033278,5
MLTS-CA,5060204030758,1
MLTS-LB,5060204030727,8
MLTS-PIDR,5060204032950,4
ITNM6,3512610454366,35
ITNM4,3512610454342,30
ITN3BASIC,3512610045434,29
ITN4BASIC,3512610045441,34
ITN6BASIC,3512610045465,29
ITN3MAXI,3512610454335,19
ITN4MAXI,3512610454434,3
ITN6MAXI,3512610454632,19
ITBMDLSCO,3512610003144,2
3486,5710409201803,106
3485,5710409201797,206
3487,5710409201810,81
3964,5710409108850,8
SP46604,5060639146604,41
SP46659,5060639146659,13
SP46611,5060639146611,13
SP46635,5060639146635,36
SP46598,5060639146598,48
SP46628,5060639146628,36
SP46024,5060639146024,80
SP46086,5060639146086,127
SP46147,5060639146147,41
41510,3760039941510,6
47P5988,5055166359887,13
46P6555,5055166358941,19
47P5982,5055166359825,8
47P5980,5055166359801,11
48P6036,5055166360364,65
48P6037,5055166360371,18
46P6524,5055166358637,99
46P6552,5055166358910,4
45P6491,5055166358309,9
45P6489,5055166358286,17
45P6504,5055166358439,51
45P6507,5055166358460,52
45P6506,5055166358453,102
45P6508,5055166358477,45
L30084,3550833300848,12
L30090,3550833300909,8
L30102,3550833301029,24
L30114,3550833301142,8
L30115,3550833301159,9
L30121,3550833301210,17
L30136,3550833301364,22
L30500,3550833305003,13
L40065,3550833400654,8
L40077,3550833400777,12
L40079,3550833400791,48
L40081,3550833400814,12
L40082,3550833400821,11
L40085,3550833400852,10
L90110,3550833901106,8
3491,5710409201858,14
3489,5710409201834,10
3962,5710409108836,33
3963,5710409108843,31
4315,5710409108799,20
4316,5710409108805,53
4310,5710409108713,487
3965,5710409108867,102
3966,5710409108874,92
5162,5710409109000,36
AR60798,8427614607982,5
AR60799,8427614607999,2
AR60834,8427614608347,5
AR60836,8427614608361,7
AR98105,8427614981051,1
AR98144,8427614981440,2
AR98172,8427614981723,2
AR98169,8427614981693,2
AR60818,8427614608187,29
AR60780,8427614607807,19
AR60832,8427614608323,6
AR50812,8427614508128,8
AR65369,8427614653699,1
AR65374,8427614653743,1
AR65317,8427614653170,3
AR65347,8427614653477,20
AR65348,8427614653484,1
AR60787,8427614607876,11
AR60820,8427614608200,6
AR60825,8427614608255,2
AR65344,8427614653446,2
SP71003,2780015671003,110
SP71454,2780015671454,304
SP40916,5060639140916,86
SP71492,2780015671492,24
SP44365,5060639144365,121
SP47700,5060639147700,65
SP71539,2780015671539,149
SP46680,5060639146680,23
SP46673,5060639146673,55
SP46703,5060639146703,8
SP46727,5060639146727,35
L90042,3550833900420,6
4108,5710409103466,21
4107,5710409103459,211
3382,5710409100779,2
3380,5710409100755,2
3383,5710409100786,1
LT055,5060272131395,118
LT036,5060272130763,3
LT027,5060272130589,117
3740,5710409101998,1
6028,5200384516028,167
H12101,8719831530083,1
LS-M04001,4260350560111,3
LS-M04006,4260350560166,1
LS-M04008,857598005005,2
LS-M04009,857598005012,6
BN88110,4019359881105,1
BN88048,4019359880481,45
BN81036,4019359810365,1
BN84148,4019359841482,3
PN60273,4779030060273,819
PN60129,4779030060129,600
8084,5200384518084,1
4188,5710409104258,205
3841,5710409104982,2
3839,5710409104876,2
BMPF-0044-EU,817742023972,1
40957,3760039940957,72
AR60278,8427614602789,1
AR98056,8427614980566,1
BMWG-0002,817742020384,1
3404,5710409105385,6
39P3528,5055166353281,87
B0837,6938242957070,72
LT158,5060272133412,119
IG0316,4820148900316,6
43P6389,5055166357197,108
MCP-CO,5060204030116,1
42P6319,5055166356497,2
42P6322,5055166356527,10
IG0194,4820148900194,52
ITBANI,3512610140009,8
ITNCDLA,3512610454359,92
PN60389,4779030060389,1
AR40605,8427614406059,1
B0538,6938242953089,88
B0550,6938242953102,20
B0576,6938242953362,173
L40062,3550833400623,60
AR98118,8427614981181,2
3448,5710409201421,12
IG0507,4820148900507,46
HE003,5200384504124,111
IG0606,4820148900606,92
977554,5712854626620,74
47P5979,5055166359795,27
L30131,3550833301319,68
L40078,3550833400784,22
L40080,3550833400807,16
L90112,3550833901120,6
AR40853,8427614408534,23
AR40856,8427614408565,3
AR40870,8427614408701,2
AR40871,8427614408718,20
AR40872,8427614408725,15
MT7101,191856071013,5
MT7102,191856071020,29
MT7103,191856071037,38
MT7105,191856071051,209
MT7106,191856071068,208
MT7107,191856071075,40
MT7108,191856071082,60
MT7111,191856071112,69
MT7112,191856071129,172
MT7113,191856071136,93
MT7116,191856071167,37
MT7117,191856071174,137
MT7118,191856071181,5
MT7119,191856071198,8
MT7120,191856071204,57
MT7201,191856072010,45
MT7202,191856072027,165
MT7204,191856072041,58
MT7205,191856072058,128
MT7206,191856072065,165
MT7304,191856073048,16
MT7305,191856073055,214
MT7306,191856073062,2
MT7308,191856073086,9
MT7309,191856073093,176
MT7312,191856073123,176
MT7401,191856074014,47
MT7402,191856074021,58
MT7403,191856074038,63
MT7404,191856074045,60
MT7405,191856074052,61
MT7406,191856074069,12
MT7408,191856074083,16
MT7411,191856074113,257
MT7415,191856074151,7
MT7417,191856074175,158
MT7503,191856075035,17
MT7505,191856075059,10
MT7506,191856075066,13
MT7511,191856075110,167
MT7512,191856075127,78
MT7513,191856075134,286
MT7532,191856075325,13
MT7631,191856076315,49
MT7632,191856076322,193
MT7651,191856076513,199
MT7701,191856077015,5
MT7742,191856077428,175
MT7743,191856077435,141
MT7901,191856079019,13
MT7902,191856079026,6
MT7904,191856079040,25
MT7913,191856079132,95
MT7918,191856079187,176
MT7919,191856079194,43
MT7933,191856079330,22
MT7935,191856079354,6
MT7941,191856079415,5
MCP-BS-PI,5060204030161,20
4940,5200384504940,10
4896,5200384504896,23
4780,5200384504780,25
4858,5200384504858,6
4902,5200384504902,27
4933,5200384504933,30
4827,5200384504827,40
4681,5200384504681,12
4698,5200384504698,17
4513,5200384504513,14
4537,5200384504537,6
4575,5200384504575,12
4599,5200384504599,18
4490,5200384504490,19
4551,5200384504551,6
4643,5200384504643,65
4667,5200384504667,20
IG0590,4820148900590,27
IG0736,4820148900736,4
IG0729,4820148900729,7
IG0552,4820148900552,65
SP70211HYP,2780015670211,1019
SP70013HYP,2780015670013,951
5163,5710409109017,40
49P6075,5055166360753,1
49P6076,5055166360760,1
49P6048,5055166360487,45
49P6049,5055166360494,16
49P6052,5055166360524,10
49P6053,5055166360531,10
49P6057,5055166360579,53
49P6058,5055166360586,9
49P6081,5055166360814,105
49P6070,5055166360708,4
49P6071,5055166360715,6
49P6061,5055166360616,6
03929,5200384503929,44
04209,5200384504209,45
4650,5200384504650,40
SP47601,5060639147601,59
SP47618,5060639147618,55
SP47625,5060639147625,25
SP47649,5060639147649,28
SP47656,5060639147656,23
SP47663,5060639147663,5
SP47670,5060639147670,152
3974,5710409109147,33
BBU14-01,8699296254543,151
BBU14-02,8699296254550,97
BBU14-03,8699296254567,72
BBU16-01,8699296255175,25
BBU16-02,8699296255182,57
BBU16-03,8699296255199,74
BBU29-09,8699296255427,38
YKP-01,8699296250033,89
YKO-01,8699296259517,32
YKO-03,8699296259531,4
YKO-05,8699296259555,38
YKO-11,8699296259616,49
ZDB-130,8699296253072,107
ZDB-131,8699296253089,59
ZDB-132,8699296253096,41
ZDSET-100,8699296253058,92
ZKG500-201,8699296256585,185
ZKG500-203,8699296256608,384
ZKG500-204,8699296256615,130
ZKG500-206,8699296257346,157
3972,5710409109123,1
3989,5710409109925,5
3991,5710409109949,18
3961,5710409108829,9
3960,5710409108812,1
4322,5710409109994,94
4323,5710409110006,147
4324,5710409110013,283
4325,5710409110020,124
4326,5710409110037,59
4327,5710409110044,42
4329,5710409110068,46
8168,5710409202121,5
8169,,7
8170,,6
8171,,4
8172,,5
8173,5710409202121,7
3992,5710409202046,2
8183,5710409202138,44
3447,5710409108102,8
3988,5710409109918,50
3990,5710409109932,20
50P6137,5055166361378,21
50P6164,5055166361644,20
50P6165,5055166361651,50
50P6140,5055166361408,31
50P6141,5055166361415,64
48P6023,5055166360234,17
48P6025,5055166360258,46
47P5965,5055166359658,73
47P5968,5055166359689,66
50P6173,5055166361736,35
50P6103,5055166361033,1
46P6548,5055166358873,41
48P6003,5055166360036,30
48P6001,5055166360012,23
48P6010,5055166360104,64
48P6009,5055166360098,27
48P6008,5055166360418,66
L30081,3550833300817,6
L30083,3550833300831,4
L30139,3550833301395,11
L30142,3550833301425,5
L30144,3550833301449,15
L30145,3550833301456,113
L30146,3550833301463,8
L30147,3550833301470,4
L40087,3550833400876,6
L40089,3550833400890,35
L50101,3550833501016,10
L90060,3550833900604,10
L90061,3550833900611,6
L90063,3550833900635,12
L30143,3550833301432,18
MLSW-PE-18-24,5060204034374,5
MLSW-PE-2-3,5060204034381,4
MLSW-PE-3-4,5060204034398,5
MLSW-DI-18-24,5060204034343,5
MLSW-DI-2-3,5060204034350,5
MLSW-DI-3-4,5060204034367,5
MLSW-PIDR-18-24,5060204034404,4
MLSW-PIDR-2-3,5060204034411,4
MLSW-PIDR-3-4,5060204034428,4
4338,5710409110501,158
4340,5710409110525,201
4341,5710409110532,94
4342,5710409111041,62
L20021,3550833200216,1
111910,5425020500791,3
112010,5425020500838,4
111803,5425020500760,3
111903,5425020500784,5
112003,5425020500821,1
SP70297HYP,2780015670297,183
2323855,8906139541556,212
2102131,8906139540900,199
2102133,8906139540924,119
2102285,8906139541648,199
310477,8906139546131,217
2202010,8906139540542,216
2202011,8906139540559,187
2202013,8906139540573,210
310426,8906139546025,160
L2246,3550839922464,8
L30148,3550833301487,39
DS-214,8699296259852,52
4334,5710409110433,11
3998,5710409202114,19
FSP-01,8699296258305,33
FSP-02,8699296258312,39
DS-216,8699296259876,45
DS-215,8699296259869,62
DS-213,8699296259845,91
PSMTB-001,8699296257261,64
PSMTB-002,8699296257278,53
EKOSET-101,8699296257582,137
EKOSET-100,8699296257513,111
EKOSET-103,8699296257674,129
EKOSET-105,8699296257698,137
SP48165,5060639148165,59
SP48189,5060639148189,107
SP48264,5060639148264,75
SP48424,5060639148424,79
SP48400,5060639148400,11
SP48370,5060639148370,25
SP48363,5060639148363,16
SP48356,5060639148356,117
SP48325,5060639148325,39
SP48332,5060639148332,42
B0377C,6938242952372,259
B0667F,6938242955281,190
B0680C,6938242955519,420
B0683,6938242955557,269
B0722,6938242955922,48
B0779,6938242956394,131
B0806,6938242956769,37
B0838,6938242957087,47
B0839,6938242957094,28
B0877,6938242957377,115
B0880,6938242957506,38
B0883D,6938242957537,326
B0892,6938242957629,31
B0965,6938242958251,6
B0966,6938242958268,43
B1010,6938242958800,37
B1020,6938242958909,44
B1021,6938242958916,47
B1023,6938242958930,44
B1063,6938242959234,30
B1106,6938242959760,176
B1127,6938242959975,33
B1212D,6938242960827,152
B1217B,6938242960896,335
B1217C,6938242960896,146
B1218,6938242960971,13
B1219,6938242960988,2
B1220,6938242960995,25
B1255,6938242962104,279
B1258,6938242962135,56
B1266,6938242962210,1
B1267,6938242962227,24
B1289,6938242962555,48
B1316,6938242962814,42
B1328C,6938242962999,353
B1330,6938242963026,23
4337,5710409110464,19
51P6199,5055166361996,17
51P6200,5055166362009,13
51P6201,5055166362016,10
51P6202,5055166362023,35
51P6183,5055166361835,22
51P6204,5055166362047,39
51P6224,5055166362245,65
51P6225,5055166362252,62
51P6226,5055166362269,55
51P6227,5055166362276,69
51P6210,5055166362108,54
51P6211,5055166362115,59
4293,5710409108072,40
4245,5710409105521,132
4331,5710409110280,48
L20020,3550833200209,6
L30141,3550833301418,10
L40090,3550833400906,1
L50052,3550833500521,68
L50053,3550833500538,24
L50054,3550833500545,29
L90051,3550833900512,2
977541,5712854625739,16
970851,5712854586993,27
977540,5712854625715,46
977811,5712854777483,49
SV03022,5208006030228,12
SV03050,5208006030501,21
SV05005,5208006050059,8
SV05007,5208006050073,5
SV11131,5208006111316,12
SV11133,5208006111330,21
SV11136,5208006111361,18
SV12512,5208006125122,7
SV12514,5208006125146,8
SV12520,5208006125207,31
SV12522,5208006125221,16
SV13010,5208006130102,58
SV13013,5208006130133,58
SV13014,5208006130140,14
SV13042,5208006130423,251
SV12513,5208006125139,10
SV13062,5208006130621,13
SV14035,5208006140354,8
SV14057,5208006140576,15
SV23033,5208006230338,32
SV23043,5208006230437,26
SV23046,5208006230468,16
SV23049,5208006230499,46
SV23058,5208006230581,47
SV23060,5208006230604,44
SV23091,5208006230918,8
SV23131,5208006231311,23
SV23133,5208006231335,19
SV23136,5208006231366,39
SV23137,5208006231373,28
SV23148,5208006231489,6
SV23149,5208006231496,20
SV23183,5208006231830,46
SV23184,5208006231847,44
SV23185,5208006231854,56
SV23305,5208006233056,31
SV36012,5208006360127,8
SV12010A,5208006120103,12
SV12010B,5208006120103,11
SV12010D,5208006120103,14
SV12010E,5208006120103,14
SV12010F,5208006120103,7
48P5998,5055166359986,14
47P5981,5055166359818,21
50P6136,5055166361361,21
AR40861,8427614408619,14
AR40921,8427614409210,22
AR40922,8427614409227,13
AR50866,8427614508661,1
AR50892,8427614508920,7
AR50893,8427614508937,11
AR50894,8427614508944,39
AR50895,8427614508951,16
AR60805,8427614608057,12
AR60807,8427614608071,9
AR60857,8427614608576,7
AR60859,8427614608590,7
AR60864,8427614608644,21
AR60865,8427614608651,14
AR60874,8427614608743,6
AR60885,8427614608859,8
AR60902,8427614609023,1
AR65386,8427614653866,9
AR65387,8427614653873,6
AR98196,8427614981969,5
AR600/D,8427614006006,18
AR601/D,8427614006013,9
AR602/D,8427614006020,15
AR603/D,8427614006037,9
AR6334,8427614063344,7
AR6369,8427614063696,10
AR6372,8427614063726,9
AR21580,8427614215804,10
AR21581,8427614215811,3
AR21582,8427614215828,7
AR21583,8427614215835,3
AR21585,8427614215859,1
AR21587,8427614215873,5
AR21588,8427614215880,2
AR21589,8427614215897,2
AR40923,8427614409234,2
SP47939,5060639147939,90
SP48509,5060639148509,143
SP47908,5060639147908,104
6470,5200384506470,55
6487,5200384506487,26
5831,5200384505831,29
5862,5200384505862,23
5886,5200384505886,23
6654,5200384506654,12
5787,5200384505787,17
5794,5200384505794,142
5800,5200384505800,2
8320,5200384508320,45
8306,5200384508306,9
8344,5200384508344,56
8290,5200384508290,22
8337,5200384508337,35
8283,5200384508283,40
8313,5200384508313,20
5763,5200384505763,9
6500,5200384506500,14
SV36014,5208006360141,80
AR6054-02,AR6054-02,4
AR6054-03,AR6054-03,10
AR6054-04,AR6054-04,2
AR6054-05,AR6054-05,4
AR6054-06,AR6054-06,4
AR6055-01,AR6055-01,1
AR6055-04,AR6055-04,1
AR6055-06,AR6055-06,2
AR6055-07,AR6055-07,5
AR6056-01,AR6056-01,1
AR6056-03,AR6056-03,2
AR6056-04,AR6056-04,1
AR6056-06,AR6056-06,2
AR6056-07,AR6056-07,1
AR6056-08,AR6056-08,3
AR6056-10,AR6056-10,1
AR6057-01,AR6057-01,3
AR6057-02,AR6057-02,4
AR6057-03,AR6057-03,4
AR6057-04,AR6057-04,2
AR6057-05,AR6057-05,1
AR6057-06,AR6057-06,2
AR6057-07,AR6057-07,1
AR6057-08,AR6057-08,1
AR6057-09,AR6057-09,1
AR6057-10,AR6057-10,1
AR6057-11,AR6057-11,1
AR6078-02,AR6078-02,1
4351,5710409111485,15
4346,5710409111430,44
52P6383,5055166363839,26
52P6384,5055166363846,68
52P6302,5055166363020,28
52P6304,5055166363044,27
52P6305,5055166363051,35
52P6306,5055166363068,176
52P6307,5055166363075,52
52P6251,5055166362511,21
52P6252,5055166362528,23
52P6253,5055166362535,18
52P6254,5055166362542,14
52P6352,5055166363525,37
52P6316A,5055166363167,31
52P6316B,5055166363167,31
52P6316C,5055166363167,25
52P6328A,5055166363280,31
52P6328B,5055166363280,20
52P6328C,5055166363280,22
52P6328D,5055166363280,31
52P6330A,5055166363303,16
52P6330B,5055166363303,17
52P6330C,5055166363303,17
52P6330D,5055166363303,16
52P6330E,5055166363303,17
52P6330F,5055166363303,14
52P6353,5055166363532,27
52P6337,5055166363372,34
52P6339,5055166363396,97
52P6340,5055166363402,37
52P6270,5055166362702,28
52P6271,5055166362719,42
52P6273,5055166362733,41
52P6277,5055166362771,34
52P6278,5055166362788,37
52P6279,5055166362795,31
52P6282,5055166362825,23
52P6283,5055166362832,29
52P6285,5055166362856,30
52P6289,5055166362894,26
52P6290,5055166362900,26
52P6291,5055166362917,31
52P6342A,5055166363426,46
52P6309,5055166363099,22
52P6342B,5055166363426,50
52P6342D,5055166363426,28
52P6342C,5055166363426,53
52P6310,5055166363105,23
52P6298A,5055166362986,31
52P6298B,5055166362986,37
52P6298C,5055166362986,32
52P6312A,5055166363129,12
52P6312B,5055166363129,5
52P6312C,5055166363129,10
52P6347,5055166363471,100
52P6320A,5055166363204,48
52P6320B,5055166363204,51
52P6320C,5055166363204,48
51P6189,5055166361897,14
L50057,3550833500576,102
L50056,3550833500569,116
L50055,3550833500552,24
L30150,3550833301500,1
L30154,3550833301548,20
L30138,3550833301388,91
L40092,3550833400920,18
L40093,3550833400937,12
L30151,3550833301517,16
L40095,3550833400951,12
L90113,3550833901137,5
L10026,3550833100264,2
L20022,3550833200223,2
L30157,3550833301579,56
L90047,3550833900475,1
SV02005,5208006020052,6
SV03005,5208006030051,17
SV03006,5208006030068,69
SV03011,5208006030112,69
SV13130A,5208006131307,94
SV13131,5208006131314,235
SV13130B,5208006131307,94
SV13130C,5208006131307,96
SV14070,5208006140705,22
SV14071,5208006140712,29
SV14073,5208006140736,68
SV14082A,5208006140828,20
SV14082B,5208006140828,23
SV14082C,5208006140828,23
SV23050,5208006230505,2
SV23172,5208006231724,40
SV23350,5208006233506,37
SV36003,5208006360035,22
SV36013,5208006360134,20
SV23051,5208006230512,14
SV23053,5208006230536,31
SV23071,5208006230710,15
SV23072,5208006230727,17
SV23073,5208006230734,8
34469,5707167191057,42
38093,5707167159477,90
38137,5707167855454,88
426203,5712854796446,65
37984,5707167891674,110
37992,5712854205511,35
SP48783,5060639148783,56
SP40978,5060639140978,26
SP48134,5060639148134,18
SP48653,5060639148653,18
SP48677,5060639148677,19
SP48318,5060639148318,4
SP48721,5060639148721,14
SP48776,5060639148776,13
SP48349,5060639148349,37
4390,5710409112277,31
4391,5710409112284,32
4392,5710409112291,29
4393,5710409112307,33
4411,5710409113168,31
4394,5710409112314,19
4426,5710409113540,16
4397,5710409202282,99
4398,5710409202299,30
4399,5710409202305,24
4400,5710409202312,27
4401,5710409202336,10
4410,5710409113120,9
EMPF,3512610531104,57
EMTN,3512610535003,60
8947,5200384518947,15
AR24577,8427614245771,7
AR24578,8427614245788,4
AR50978,8427614509781,23
AR50979,8427614509798,17
AR98211,8427614982119,4
AR98191,8427614981914,3
AR60975,8427614609757,9
AR60976,8427614609764,5
AR65413,8427614654139,6
AR65414,8427614654146,6
AR60982,8427614609825,6
AR60983,8427614609832,4
AR60984,8427614609849,3
AR60985,8427614609856,4
AR6054-07,AR6054-07,4
AR6054-09,AR6054-09,1
AR6054-10,AR6054-10,2
AR6054-11,AR6054-11,1
AR6054-12,AR6054-12,2
AR6054-08,AR6054-08,4
AR6055-09,AR6055-09,4
AR6055-10,AR6055-10,4
AR6055-11,AR6055-11,4
AR6055-12,AR6055-12,4
AR6055-13,AR6055-13,4
AR6055-14,AR6055-14,4
AR6056-11,AR6056-11,1
AR6056-12,AR6056-12,3
AR6056-13,AR6056-13,4
AR6056-14,AR6056-14,2
AR6056-16,AR6056-16,4
AR6056-17,AR6056-17,2
AR6037-01,AR6037-01,1
AR6037-02,AR6037-02,1
AR6037-05,AR6037-05,1
LT172,5060272133597,116
LT181,5060272133689,114
3432,5710409201292,50
3431,5710409201285,50
4366,5710409111751,25
4367,5710409111768,21
4368,5710409111775,20
4369,5710409111782,20
4370,5710409111799,25
4371,5710409111805,20
52P6360,5055166363600,45
52P6262,5055166362627,75
52P6258,5055166362580,77
52P6355,5055166363556,47
52P6356,5055166363563,45
52P6358,5055166363587,45
52P6265,5055166362658,29
52P6266,5055166362665,28
52P6338,5055166363389,71
52P6259,5055166362597,81
L90040,3550833900406,4
L90043,3550833900437,6
L2223,3550839922235,20
L30126,3550833301265,11
L30130,3550833301302,10
79101,5707167231326,0
79117,5707167231975,0
5915,5200384515915,0
5908,5200384515908,0
78811,5707167697689,0
78812,5707167697726,0
4089,5710409103039,0
4090,5710409103046,0
LT068,5060272131784,0
LT066,5060272131722,0
4105,5710409103367,0
LT032,5060272130688,0
3768,5710409103121,0
3769,5710409103138,0
3763,5710409102834,0
3775,5710409103527,0
Y0030,,0
7278,5200384517278,0
7360,5200384517360,0
7353,5200384517353,0
7346,5200384517346,0
7254,5200384517254,0
W2101P,5200384516066,0
160170,4041077002487,0
SP70297,2780015670297,0
LS-M05001,4260350560180,0
LS-M05000,4260350560210,0
SP42224,278001580023,0
SP42255,5060639145867,0
BN70613,4011768706130,0
40001,3760039940001,0
40759,3760039940759,0
40032,3760039940032,0
3791,5710409103718,0
BN82805,4019359828056,0
BN84075,4019359840751,0
BN84167,4019359841673,0
BN88073,4019359880733,0
BN84174,4019359841741,0
BN82067,4019359820678,0
BN88117,4019359881174,0
BN88016,4019359880160,0
BN88045,4019359880450,0
BN88093,4019359880931,0
BN83699,4019359836990,0
BN84080,4019359840805,0
BN86555,4019359865556,0
BN88097,4019359880979,0
BN88096,4019359880962,0
BN83388,4019359833883,0
BN82812,4019359828124,0
BN82811,4019359828117,0
BN84170,4019359841703,0
BN82188,4019359821880,0
BN81037,4019359810372,0
BN83724,4019359837249,0
BN82726,4019359827264,0
BN86553,4019359865532,0
BN88119,4019359881198,0
PN60198,4779030060198,0
PN60174,4779030060174,0
BN33026,4019359330269,0
3227,5710409200745,0
8060,5200384518060,0
AR6057,8427614060572,0
3832,5710409104807,0
8077,5200384518077,0
4116,5710409103640,0
3838,5710409104869,0
3223,5710409200707,0
SP42408,5060639142408,0
30805,6970089159514,0
30806,6970089159538,0
39813,6970089159392,0
AR6054,8427614060541,0
AR6055,8427614060558,0
AR6056,8427614060565,0
JUG0259,8435418802212,0
BMPF-0032-EU,817742024313,0
BMPF-0047-EU,817742024061,0
39P3513,5055166353137,0
38P3397,5055166351973,0
33P2103,5055166343534,0
38P3416,5055166352161,0
AR60296,8427614602963,0
580506,5712854401814,0
LT109,5060272132699,0
LT145,5060272132996,0
0775,5200384500775,0
0782,5200384500782,0
160444,4041077005235,0
AR6078,8427614060787,0
3411,5710409201063,0
3853,5710409105637,0
3408,5710409201032,0
3409,5710409201049,0
3410,5710409201056,0
35P2416,5055166346160,0
42P6354,5055166356848,0
38P3408,5055166352086,0
AR60272,8427614602727,0
AR6037,8427614060374,0
B0853,6938242957131,0
MCP-CA,5060204030406,0
111212,5425020500241,0
110403,5425020500067,0
110703,5425020500128,0
111503,5425020500296,0
110503,5425020500081,0
110512,5425020500098,0
110603,5425020500104,0
210108,5425020500371,0
210401,5425020500425,0
210408,5425020500432,0
210708,5425020500494,0
AR50618,8427614506186,0
SP44778,5060639144778,0
SP44815,5060639144815,0
SP45744,5060639145744,0
BN82057,4019359820579,0
BN81571,4019359815711,0
43P6406,5055166357364,0
43P6409,5055166357395,0
43P6408,5055166357388,0
MCP-LB,5060204030123,0
YO51892,4260243451892,0
37P3098,5055166349987,0
YO51472,4260243451472,0
212501,5425020500630,0
212201,5425020500623,0
212101,5425020500616,0
42P6320,5055166356503,0
41P3663,5055166356138,0
42P6330,5055166356602,0
40P3602,5055166355520,0
38P3436,5055166352369,0
44P6452,5055166357821,0
44P6447,5055166357777,0
44P6446,5055166357760,0
ITBBM6,3512610600008,0
CL0016,5200384502847,0
CL0014,5200384530581,0
CL0003,5200384501536,0
CL0008,5200384530567,0
CL0007,5200384530550,0
ITB3+MAXI,3512610041009,0
JART5007,3760077550071,0
SILH00,3512610244004,0
ACM2,3512610133025,0
3911,5710409106900,0
SP45508,5060639145508,0
SP45492,5060639145492,0
SP45713,5060639145713,0
SP45515,5060639145515,0
SP45539,5060639145539,0
SP45720,5060639145720,0
SP45638,5060639145638,0
SP45607,5060639145607,0
SP45584,5060639145584,0
SP45577,5060639145577,0
SP45560,5060639145560,0
SP45157,5060639145157,0
MCP-GRN-P,5060204032851,0
2175,5200384502175,0
2199,5200384502199,0
AR6090,8427614060909,0
CH1003,5200384501383,0
BN86451,4019359864511,0
3930,5710409107594,0
BN88087,4019359880870,0
J80304,753068880304,0
L2777,3550839927773,0
L2873,3550839928732,0
L3450,3550839934504,0
L30042,3550833300428,0
L30054,3550833300541,0
L30112,3550833301128,0
L2795RO,3550839427952,0
L30085,3550833300855,0
SP46390,5060639146390,0
SP46420,5060639146420,0
SP44495,5060639144495,0
SP46376,5060639146376,0
SP46406,5060639146406,0
SP46352,5060639146352,0
L90006,3550833900062,0
46P6537,5055166358767,0
AR24575,8427614245757,0
AR50729,8427614507299,0
AR50730,8427614507305,0
KT5436WBE,4779030060549,0
KT5442WRD,4779030060617,0
3852,5710409105408,0
4292,5710409108065,0
MLSS-BLU-P,5060204033339,0
MLTS-BLU-P,5060204033254,0
MLTS-GRN-P,5060204033230,0
MLTS-DI,5060204030772,0
AR40823,8427614408237,0
JFC00,3512610513001,0
SP46666,5060639146666,0
SP47021,5060639147021,0
SP46642,5060639146642,0
SP46581,5060639146581,0
SP46697,5060639146697,0
48P6029,5055166360296,0
46P6544,5055166358835,0
46P6542,5055166358811,0
48P6016,5055166360166,0
48P6019,5055166360197,0
48P6018,5055166360180,0
48P6017,5055166360173,0
L30103,3550833301036,0
L40083,3550833400838,0
AR65366,8427614653668,0
AR60835,8427614608354,0
AR98121,8427614981211,0
AR65365,8427614653651,0
AR60754,8427614607548,0
78813,5707167697771,0
3751,5710409102575,0
4092,5710409103060,0
4104,5710409103350,0
LT011,5060272130268,0
LT003,5060272130145,0
3770,5710409103145,0
3771,5710409103152,0
3762,5710409102919,0
3761,5710409102896,0
W2661P,5200384507170,0
LS-S12007,4260350561002,0
BN16013,4019359160132,0
PN60334,4779030060334,0
3834,5710409104821,0
3836,5710409104845,0
160246,4041077003347,0
160086,4041077002227,0
BMBT-DO,718856156894,0
BMDF-0001,817742021176,0
36P2630,5055166347921,0
33P2101,5055166343510,0
40P3608,5055166355582,0
40P3607,5055166355575,0
40P3609,5055166355599,0
39P3509,5055166353090,0
3840,5710409104975,0
0768,5200384500768,0
B0750,6938242956004,0
MCP-FO,5060204030529,0
LT149,5060272133139,0
44P6431,5055166357616,0
44P6436,5055166357661,0
IG0408,4820148900408,0
ITB6+,3512610660002,0
POLY00,3512610010005,0
MCP-BLU-P,5060204030178,0
3379,5710409101219,0
YO-893,,0
L2795BL,3550839227958,0
L30073,3550833300732,0
SP45973,5060639145973,0
HE005,5200384504148,0
AR40821,8427614408213,0
AR40850,8427614408503,0
AR40852,8427614408527,0
MT7414,191856074144,0
MT7971,191856079712,0
MCP-PL-GR,5060204030703,0
SPLAY2,0000000002222,0
3973,5710409109130,0
L90041,3550833900413,0
49P6065,5055166360654,0
49P6066,5055166360661,0
49P6060,5055166360609,0
04056,5200384504056,0
ZKG500-205,8699296256622,0
3993,5710409202053,0
47P5933,5055166359337,0
50P6102,5055166361026,0
48P6002,5055166360029,0
4339,5710409110518,0
4343,5710409111058,0
111710,5425020500814,0
111810,5425020500777,0
111703,5425020500807,0
48P6005,5055166360050,0
MCP-NT-BE,5060204034619,0
HC006p,5200384504254,0
SP48301,5060639148301,0
SP48288,5060639148288,0
B0971,6938242958312,0
977548,5712854625876,0
SV23090,5208006230901,0
SV23092,5208006230925,0
SV12010C,5208006120103,0
AR50889,8427614508890,0
AR60813,8427614608132,0
AR60827,8427614608279,0
AR60899,8427614608996,0
AR98183,8427614981839,0
AR98195,8427614981952,0
AR21584,8427614215842,0
AR21586,8427614215866,0
AR6054-01,AR6054-01,0
AR6055-03,AR6055-03,0
AR6055-02,AR6055-02,0
AR6055-05,AR6055-05,0
AR6055-08,AR6055-08,0
AR6056-02,AR6056-02,0
AR6056-05,AR6056-05,0
AR6056-09,AR6056-09,0
AR6078-01,AR6078-01,0
51P6192,5055166361927,0
L30155,3550833301555,0
L40091,3550833400913,0
L30149,3550833301494,0
L30153,3550833301531,0
SV23052,5208006230529,0
AR98204,8427614982041,0
AR6056-15,AR6056-15,0
AR6037-03,AR6037-03,0
AR6037-04,AR6037-04,0
SV23352,5208006233520,0
