Kodas,EAN,Likutis
78060,5712854177474,237
23347,5707167944011,794
79101,5707167231326,28
79103,5707167231456,40
79106,5707167231562,81
79104,5707167231494,30
79109,5707167231661,38
79107,5707167231609,40
79108,5707167231630,53
79117,5707167231975,44
5922,5200384515922,1
29121,5712854149303,28
5908,5200384515908,3
29138,5712854149815,5
5939,5200384515939,48
78811,5707167697689,62
29175,5712854226721,498
29178,5712854226783,28
51235,5712854315371,128
51238,5712854315432,95
51237,5712854315418,64
51236,5712854315395,245
78922,5707167199985,178
7002,5710409103428,12
78928,5707167200162,184
LT064,5060272131302,17
4022,5710409102414,57
78923,5707167200018,247
57798,5707167557273,24
78926,5707167200131,173
78925,5707167200070,254
3752,5710409102582,38
78927,5707167200100,250
LT084,5060272132309,23
LT082,5060272132248,35
4088,5710409103022,151
4091,5710409103053,123
LT078,5060272132125,41
C20136,8412906201368,2
4093,5710409103077,149
57855,5707167005057,72
4094,5710409103084,151
57856,5707167005095,155
4103,5710409103343,111
C20133,8412906201337,1
LT058,5060272131487,31
4106,5710409103374,84
LT054,5060272131364,13
4109,5710409103541,595
LT052,5060272131661,24
4023,5710409102421,170
LT045,5060272130947,40
4025,5710409102445,230
4024,5710409102438,183
4026,5710409102452,94
4027,5710409102469,13
LT053,5060272131333,23
LT004,5060272130169,6
LT051,5060272131272,14
3724,5710409101585,1
3768,5710409103121,1
3769,5710409103138,1
3350,5710409100465,41
3729,5710409101639,9
3737,5710409101967,310
3741,5710409102001,21
3310,5710409100038,70
3311,5710409100045,12
3312,5710409100052,73
5008,5710409102698,8
5009,5710409102704,9
3320,5710409100069,7
3210,5710409200011,180
3373,5710409100595,13
10731,5710409100441,15
3232,5710409200202,15
3374,5710409100601,9
3246,5710409200370,9
3375,5710409100618,4
3230,5710409200165,16
3231,5710409200172,8
Y99803,8412906998039,29
Y99805,8412906998053,19
Y99002,8412906990026,6
Y99001,8412906990019,10
Y96018,8412906960180,50
Y96007,8412906960074,67
Y96021,8412906960210,44
Y96008,8412906960081,20
Y96020,8412906960203,17
Y96010,8412906960104,19
Y23149,8412906231495,4
Y99675,8412906996752,19
Y99674,8412906996745,60
Y99671,,28
Y99670,8412906996707,25
Y99673,8412906996738,41
Y99672,8412906996721,19
7346,5200384517346,4
W2101P,5200384516066,1
0200,5200384510200,51
7965,5200384507965,2
7958,5200384507958,5
160038,4041077000780,79
160037,4041077000803,1
160035,4041077000827,162
160064,4041077001930,55
160649,4041077008274,19
160542,4041077006331,103
160543,4041077006348,25
160544,4041077006355,70
160178,4041077002708,37
160562,4041077006812,53
160358,4041077004450,9
SP70426,2780015670426,141
SP70013,2780015670013,9
SP70174,2780015670174,52
SP70136,2780015670136,69
SP70051,2780015670051,25
SP70211,2780015670211,25
SP71201,2780015671201,76
SP70259,2780015670259,32
SPG0011,5060639145317,436
SPG0021,5060639142484,131
SPG0031,5060639145355,391
LS-S11002,4260350560517,43
SPG0041,5060639143214,331
LS-S11004,4260350560531,32
LS-S11101,4260350560654,21
LS-S11102,4260350560975,31
LS-S11103,4260350560982,35
LS-S11105,4260350561095,21
LS-M05001,4260350560180,1
LS-M05000,4260350560210,2
LS-M03000/J03000,8719831530786,29
SP42224,278001580023,9
SP42231,5060639145843,10
SP42248,5060639145836,37
YO51465,4260243451465,553
YO51441,4260243451441,298
YO51458,4260243451458,197
BN70612,4011768706123,26
BN70613,4011768706130,2
BN82147,4019359821477,23
YO31012/YO51533,4260243451533,6
40001,3760039940001,56
40759,3760039940759,69
40735,3760039940735,27
40889,3760039940889,8
40742,3760039940742,156
40490,3760039940490,36
40032,3760039940032,1
41015,3760039941015,53
10202,3760039941022,93
3789,5710409103695,14
3791,5710409103718,2
3271,5710409200776,77
3273,5710409200790,82
3272,5710409200783,8
BN82805,4019359828056,4
PN26522,9786099526522,54
BN84204,4019359842045,138
BN83529,4019359835290,81
BN83412,4019359834125,39
BN84075,4019359840751,1
BN81670,4019359816701,21
BN9989044,4019359890442,6
BN84167,4019359841673,1
BN84168,4019359841680,64
BN86551,4019359865518,2
BN88073,4019359880733,1
BN84163,4019359841635,17
BN84160,4019359841604,86
BN84154,4019359841543,33
BN84068,4019359840683,36
BN13205,4019359132054,18
BN84174,4019359841741,6
BN84175,4019359841758,2
BN84199,4019359841994,2
BN82197,4019359821972,46
BN82134,4019359821347,68
BN9989063,4019359890633,1
BN9989082,4019359890824,15
BN9086042,4019359860421,352
BN9086041,4019359860414,6
BN84189,4019359841895,12
BN9086586,4019359865860,52
BN84070,4019359840706,66
BN82763,4019359827639,147
BN88117,4019359881174,13
BN9989072,4019359890725,8
BN9989073,4019359890732,10
BN13203,4019359132030,27
BN88047,4019359880474,8
BN88023,4019359880238,26
BN88045,4019359880450,6
BN88093,4019359880931,5
BN88060,4019359880603,69
BN88079,4019359880795,51
BN88114,4019359881143,35
BN88115,4019359881150,92
BN84029,4019359840294,32
BN84082,4019359840829,4
BN84081,4019359840812,10
BN84080,4019359840805,2
BN88015,4019359880153,26
BN86555,4019359865556,11
BN82071,4019359820715,6
BN88096,4019359880962,2
BN82077,4019359820777,8
BN88102,4019359881020,67
BN82810,4019359828100,5
BN83388,4019359833883,4
PN26508,9786099526508,287
BN86564,4019359865648,5
PN26546,9786099526546,47
BN83651,4019359836518,1
BN82812,4019359828124,8
BN82811,4019359828117,12
BN84170,4019359841703,1
BN82188,4019359821880,2
BN81037,4019359810372,1
BN86554,4019359865549,45
BN83725,4019359837256,9
BN63105,4011768631050,2
BN81032,4019359810327,53
BN82725,4019359827257,3
BN82726,4019359827264,1
BN82816,4019359828162,3
BN82817,4019359828179,5
BN82818,4019359828186,3
BN84203,4019359842038,43
BN84205,4019359842052,7
BN86561,4019359865617,8
BN88001,4019359880016,20
BN88118,4019359881181,36
BN33027,4019359330276,4
PN60167,4779030060167,997
PN60150,4779030060150,576
PN60181,4779030060181,138
BN84194,4019359841949,20
BN84186,4019359841864,18
PN60204,4779030060204,603
PN60242,4779030060242,1
PN60136,4779030060136,591
PN60143,4779030060143,68
PN60341,4779030060341,155
PN60419,4779030060419,3
PN60303,4779030060303,214
BN83390,4019359833906,43
BN33025,4019359330252,9
BN9989031,4019359890312,14
BN9989035,4019359890350,14
BN9989034,4019359890343,24
BN9989085,4019359890855,25
BN82809,4019359828094,16
BN82146,4019359821460,29
BN13796,4019359137967,4
BN82912,4019359829121,4
AR190/D,8427614001902,11
3224,5710409200714,28
3225,5710409200721,45
3227,5710409200745,2
27070,5712854125215,202
7003,5710409103435,29
BN82232,4019359822320,460
8060,5200384518060,2
YO51847,4260243451847,31
4184,5710409104210,66
4183,5710409104203,10
3805,5710409103855,1
8077,5200384518077,44
4191,5710409104395,54
4195,5710409104487,116
4120,5710409103688,162
4200,5710409104722,118
4118,5710409103664,5
4119,5710409103671,9
4113,5710409103619,141
4115,5710409103633,111
4114,5710409103626,195
4240,5710409104753,138
4185,5710409104227,72
4186,5710409104234,18
4187,5710409104241,67
3828,5710409104760,69
3808,5710409104333,102
3811,5710409104364,9
3812,5710409104371,5
3274,5710409200806,60
3275,5710409200813,68
SP42415,5060639142415,10
SP42385,5060639142385,5
SP42354,5060639142354,6
30805,6970089159514,1
30806,6970089159538,1
BN82135,4019359821354,18
BN84088,4019359840881,14
BN72439,4011768724394,13
JUG0258,8435418802205,54
JUG0313,8435418802755,26
150521,4041077200036,4
150519,4041077200210,11
150520,4041077200234,2
160171,4041077002579,16
BMBT-0005,817742022197,16
BMBT-WA,188561000186,27
BMLF-0003-EU,817742024122,13
BMLF-0005-EU,817742024146,18
BMLF-0014-EU,817742024214,81
BMPF-0002-EU,817742023958,27
BMPF-0003-EU,817742023965,17
BMPF-0032-EU,817742024313,1
BMPF-0084-EU,817742026669,16
BMPF-0047-EU,817742024061,1
39P3513,5055166353137,1
38P3397,5055166351973,1
40P3568,5055166355186,17
43P6402,5055166357326,73
37P3097,5055166349970,39
43P6401,5055166357319,66
33P2103,5055166343534,3
40P3561,5055166355117,33
40P3563,5055166355131,6
40P3564,5055166355148,80
40P3587,5055166355377,10
39P3511,5055166353113,21
39P3517,5055166353175,38
38P3415,5055166352154,17
AR60294,8427614602949,12
AR60295,8427614602956,13
AR60296,8427614602963,2
AR60297,8427614602970,8
AR60298,8427614602987,1
YO51854,4260243451854,46
BN9987137,4019359871373,734
BN9987138,4019359871380,328
BN9987139,4019359871397,313
BN9987140,4019359871403,136
3287,5710409200912,12
YO51410,4260243451410,23
YO51427,4260243451427,25
3848,5710409105194,4
3406,5710409105484,20
3288,5710409200929,4
3286,5710409200905,14
7007,5710409105248,10
7008,5710409105255,69
7010,5710409105279,30
IG0293,4820148900293,148
IG0255,4820148900255,52
IG0118,4820148900118,22
IG0040,4820148900040,31
IG0323,4820148900323,40
IG0330,4820148900330,63
IG0347,4820148900347,6
IG0354,4820148900354,5
IG0361,4820148900361,4
580506,5712854401814,42
580504,5712854401777,105
580505,5712854401791,73
580503,5712854401753,51
580507,5712854401838,27
580501,5712854401715,49
SP42662,5060639145850,31
40P3571,5055166355216,40
LT071,5060272131913,42
LT109,5060272132699,2
LT124,5060272132750,19
LT151,5060272133191,10
LT150,5060272133160,20
27190,5712854375320,327
AR6061,8427614060619,1
AR6060,8427614060602,2
BMWG-0013,817742021558,7
BMWG-0022,817742024849,4
BMWG-CAT,188561000100,3
0775,5200384500775,1
AR6014,8427614060145,9
AR60314,8427614603144,1
BN84053,4019359840539,13
160444,4041077005235,1
Y97033,8412906970332,1
Y97034,,10
Y97037,8412906970370,7
YO51861,4260243451861,28
3247,5710409200387,3
3289,5710409200943,6
3290,5710409200950,4
3292,5710409200974,8
3293,5710409200981,12
3387,5710409102766,7
3413,5710409201087,1
7011,5710409105613,5
7012,5710409105620,35
7013,5710409105941,38
3410,5710409201056,10
42P6317,5055166356473,4
40P3562,5055166355124,31
41P3644,5055166355940,31
37P3049,5055166349499,12
40P3550,5055166355001,17
36P2683,5055166348454,100
41P3652,5055166356022,77
40P3604,5055166355544,10
41P3649,5055166355995,3
41P3650,5055166356008,50
42P6354,5055166356848,1
38P3408,5055166352086,2
42P6358,5055166356886,7
42P6351,5055166356817,9
YO50567,4260243450567,22
YO50536,4260243450536,6
YO50130,4260243450130,2
YO50161,4260243450161,1
YO51588,4260243451588,10
YO51595,4260243451595,10
160815,4041077010802,18
160817,4041077010680,46
160816,4041077010659,32
160748,4041077010109,170
160819,4041077010741,25
160818,4041077010710,22
160820,4041077010772,7
160179,4041077002715,79
160359,4041077004467,13
160741,4041077009974,1
160742,4041077009981,2
160743,4041077009998,1
160517,4041077006065,8
AR60272,8427614602727,1
AR60652,8427614606527,3
AR191/D,8427614001919,5
B0833,6938242957032,485
B0632,6938242954024,122
B0523,6938242952938,63
MCP-CA,5060204030406,39
MCP-BB,5060204030208,90
MCP-PE,5060204030383,125
MCP-DI,5060204030369,60
42P6359,5055166356893,5
36P2685,5055166348478,31
110103,5425020500029,2
110112,5425020500036,1
110203,5425020500043,3
110212,5425020500050,3
111312,5425020500272,1
111403,5425020500685,2
111412,5425020500692,3
110403,5425020500067,1
110412,5425020500074,1
110903,5425020500166,2
110912,5425020500173,21
110703,5425020500128,1
110712,5425020500135,2
111503,5425020500296,1
111512,5425020500302,1
110503,5425020500081,1
110512,5425020500098,6
110603,5425020500104,1
111003,5425020500180,1
111012,5425020500197,6
111103,5425020500203,1
111603,5425020500340,2
111610,5425020500357,1
110803,5425020500142,2
110812,5425020500159,2
115101,5425020500500,8
115301,5425020500524,8
LT159,5060272133443,27
LT164,5060272133511,36
210101,5425020500364,2
210301,5425020500401,4
210308,5425020500418,2
210508,5425020500456,1
210601,5425020500463,3
210608,5425020500470,1
210701,5425020500487,2
210208,5425020500395,2
SP44259,5060639144259,53
SPgrafiti,5060639144723,18
38P3398,5055166351980,34
BN9086037,4019359860377,12
BN9086040,4019359860407,3
AR50618,8427614506186,16
YO51908,4260243451908,17
SP45263,5060639145263,25
SP44747,5060639144747,4
SP44754,5060639144754,2
SP44761,5060639144761,22
SP44778,5060639144778,8
SP44785,5060639144785,8
SP44792,5060639144792,3
SP44808,5060639144808,3
SP44815,5060639144815,31
SP45744,5060639145744,33
BN88120,4019359881204,149
BN88264,4019359882645,19
BN83655,4019359836556,43
BN82739,4019359827394,5
BN82796,4019359827967,5
3423,5710409201209,277
3425,5710409201223,1
43P6385,5055166357159,11
43P6388,5055166357180,17
43P6387,5055166357173,35
43P6386,5055166357166,29
43P6396,5055166357265,11
43P6398,5055166357289,42
43P6397,5055166357272,58
43P6406,5055166357364,6
43P6409,5055166357395,2
43P6407,5055166357371,27
43P6399,5055166357296,15
43P6400,5055166357302,30
BN88263,4019359882638,40
BN88265,4019359882652,25
MCP-LB,5060204030123,21
LV1908,9790902171908,11
LV3009,9790706173009,14
LV3016,9790706173016,23
YO50154,4260243450154,2
37P3098,5055166349987,1
YO82338,4260243182338,18
YO51717,4260243451717,121
YO51496,4260243451496,5
YO51472,4260243451472,25
YO51489,4260243451489,51
YO51915,4260243451915,19
57474,5707167945230,390
212401,5425020500593,23
212301,5425020500609,47
43P6364,5055166356947,6
41P3661,5055166356114,1
41P3660,5055166356107,14
41P3659,5055166356091,3
43P6363,5055166356930,24
42P6321,5055166356510,10
44P6422,5055166357524,63
42P6340,5055166356701,32
40P3597,5055166355476,24
40P3600,5055166355506,9
42P6327,5055166356572,8
42P6331,5055166356619,31
37P3110,5055166350105,9
37P3111,5055166350112,7
42P6330,5055166356602,1
42P6328,5055166356589,9
39P3525,5055166353250,5
37P3105,5055166350051,3
39P3530,5055166353304,5
38P3436,5055166352369,1
38P3437,5055166352376,2
44P6427,5055166357579,8
43P6361,5055166356916,5
42P6336,5055166356664,4
42P6337,5055166356671,9
42P6335,5055166356657,5
42P6338,5055166356688,4
40P3590,5055166355407,11
43P6375,5055166357050,3
43P6376,5055166357067,5
43P6374,5055166357043,9
43P6377,5055166357074,10
LT128,5060272132873,21
LT155,5060272133313,32
S-12025,4260350563099,57
S-12036,4260350563105,30
M-09001,4260350564577,25
M-09002,4260350564584,27
43P6404,5055166357340,66
38P3381,5055166351812,24
42P6357,5055166356879,29
41P3647,5055166355971,35
44P6442,5055166357722,19
44P6440,5055166357708,5
44P6452,5055166357821,3
44P6454,5055166357845,19
44P6455,5055166357852,42
44P6453,5055166357838,15
44P6433,5055166357630,45
44P6434,5055166357647,14
44P6435,5055166357654,41
44P6444,5055166357746,24
IG0446,4820148900446,122
IG0163,4820148900163,144
IG0071,4820148900071,12
IG0149,4820148900149,34
IG0460,4820148900460,10
IG0132,4820148900132,27
ITBCAM,3512610310006,8
ITBBAN,3512610210009,6
ITBSAV,3512610410003,6
CL0016,5200384502847,2
CL0014,5200384530581,3
CL0020,5200384502854,36
CL0019,5200384501505,4
CL0017,5200384501482,29
CL0004,5200384501543,29
CL0001,5200384501512,24
CL0005,5200384501550,10
CL0008,5200384530567,1
CL0007,5200384530550,7
CL0012,5200384502830,9
ITB3+,3512610003618,19
ITB4+,3512610440000,7
ITB3+MAXI,3512610041009,1
ITB4+MAXI,3512610444008,10
ITB6+MAXI,3512610000051,5
ITBMDL,3512610314417,41
MDLZEN,3512610001546,14
MDLFLO,3512610125006,14
ITBCH,3512610331209,17
MLDEC,3512610045304,15
MLAND,3512610014409,9
JCER5001,3760077550019,3
MJAN00,3512610351405,2
ITB36AB,3512610361206,1
ITBMOSA,3512610100003,1
MJPA00,3512610351108,2
MJAL00,3512610000129,1
MJMV00,3512610353201,4
MJIL00,3512610000426,2
TRIA00,3512610000532,2
ACM1,3512610133018,1
ACM2,3512610133025,1
MCP-PIDR,5060204032943,16
MCP-CF,5060204031557,22
MLTP-RB-PIDR-18-24,5060204032707,14
MLTP-RB-PIDR-2-3,5060204032721,14
MLTP-RB-PIDR-3-4,5060204032745,3
MLTP-RB-BB-18-24,5060204031809,5
MLTP-RB-BB-2-3,5060204031823,18
MLTP-RB-BB-3-4,5060204031847,13
BMBT-0004,817742022012,143
3910,5710409106894,32
3912,5710409106917,14
3913,5710409106924,23
3914,5710409106931,1
3915,5710409106948,53
3908,5710409106870,91
3907,5710409106863,63
SP45485,5060639145485,7
SP45515,5060639145515,1
SP45522,5060639145522,17
SP45539,5060639145539,1
SP45614,5060639145614,1
SP45621,5060639145621,29
SP45546,5060639145546,1
SP45553,5060639145553,6
PN60402,4779030060402,48
PN60396,4779030060396,35
SP42293,5060639142293,5
MCP-GRN-P,5060204032851,10
2175,5200384502175,8
2182,5200384502182,17
2199,5200384502199,15
2168,5200384502168,51
MLTP-PW-DI-18-24,5060204032103,7
MLTP-PW-DI-2-3,5060204032127,7
MLTP-PW-DI-3-4,5060204032141,5
160869,4041077011274,3
160873,4041077001077,1
AR12115,8427614121150,20
AR12114,8427614121143,79
AR6069,8427614060695,22
AR6362,8427614063627,2
AR6050,8427614060503,9
AR40622,8427614406226,15
AR40623,8427614406233,6
AR40624,8427614406240,20
3924,5710409107310,18
3925,5710409107327,107
3926,5710409107334,45
3927,5710409107341,48
4244,5710409105477,38
4264,5710409106825,66
4265,5710409106832,104
4246,5710409105590,526
4242,5710409105231,496
4241,5710409105224,101
4261,5710409106795,28
4262,5710409106801,30
4257,5710409106757,26
4258,5710409106764,11
4259,5710409106771,26
3918,5710409107129,13
3909,5710409106887,11
3430,5710409201278,25
3919,5710409107136,17
CH0002,5200384501062,61
CH0003,5200384501079,24
CH0004,5200384501086,17
CH0010,5200384501147,22
CH0024,5200384501284,10
CH0009,5200384501130,21
CH0011,5200384501154,49
CH0012,5200384501161,66
CH0013,5200384501178,48
CH0014,5200384501185,25
CH0015,5200384501192,23
CH0017,5200384501215,22
CH0020,5200384501246,19
CH0021,5200384501253,22
CH0022,5200384501260,29
CH0007,5200384501116,2
CH0023,5200384501277,29
CH0016,5200384501208,60
CH0019,5200384501239,21
CH0008,5200384501123,22
CH0006,5200384501109,55
CH1003,5200384501383,9
CH1004,5200384501390,36
CH1000,5200384501369,27
CH1002,5200384501376,18
BN9986096,4019359860964,515
BN82814,4019359828148,6
YO62061,4260243262061,24
PN60228,4779030060228,25
3765,5710409102858,237
3929,5710409107587,83
3931,5710409107600,5
4287,5710409107563,680
4286,5710409107556,91
4285,5710409107549,26
4284,5710409107532,727
3932,5710409107617,18
3933,5710409107624,23
3923,5710409107235,15
YO50147,4260243450147,2
YO50086,4260243450086,3
51024,5712854027731,147
42P6342,5055166356725,13
YO50208,4260243450208,101
4243,5710409105415,142
BN9086023-1,4019359860230,12
PN60365,4779030060365,75
42P6329,5055166356596,7
4238,5710409104739,120
J10117,650726210117,55
J10780,650726210780,128
J10353,650726210353,46
J80694,753068880694,19
J80717,753068880717,2
J38959,617762138959,5
J10063,650726210063,1
J80380,753068880380,36
J80397,753068880397,12
J80304,753068880304,2
J80311,753068880311,72
J80342,753068880342,45
J80359,753068880359,41
L2174,3550839921740,29
L2222,3550839922228,24
L2224,3550839922242,18
L2781,3550839927810,11
L3452,3550839934528,43
L3455,3550839934559,32
L10014,3550833100141,1
L20005,3550833200056,2
L20012,3550833200124,2
L20015,3550833200155,5
L20018,3550833200186,7
L30008,3550833300084,13
L30012,3550833300121,15
L30021,3550833300213,6
L30022,3550833300220,6
L30038,3550833300381,8
L30054,3550833300541,4
L30055,3550833300558,13
L30065,3550833300657,21
L30111,3550833301111,27
L30112,3550833301128,27
L30113,3550833301135,44
L30122,3550833301227,46
L30125,3550833301258,12
L40009,3550833400098,16
L40057,3550833400579,10
L40058,3550833400586,37
L40059,3550833400593,12
L40061,3550833400616,36
L40071,3550833400715,24
L40073,3550833400739,26
L90035,3550833900352,15
L90037,3550833900376,28
L90105,3550833901052,7
YO-895,,1
L90107,3550833901076,19
L30078,3550833300787,32
L90104,3550833901045,7
L90101,3550833901014,4
L30089,3550833300893,4
L30074,3550833300749,62
L30076,3550833300763,5
L30088,3550833300886,25
L30087,3550833300879,27
L30091,3550833300916,24
L30099,3550833300992,35
SP46383,5060639146383,23
L30043,3550833300435,57
L30093,3550833300930,108
L30095,3550833300954,134
L40064,3550833400647,8
L30092,3550833300923,44
L90006,3550833900062,2
L30068,3550833300688,13
4277,5710409106726,33
4278,5710409106733,64
4279,5710409106740,78
4280,5710409107280,68
46P6536,5055166358750,3
AR24575,8427614245757,3
AR50729,8427614507299,12
3928,5710409107419,43
40315,3760039940315,71
SP46017,5060639146017,21
SP46000,5060639146000,61
SP45997,5060639145997,58
SP45980,5060639145980,17
BM0658,5200384503813,95
SN3912,5200384503912,8
IG0385,4820148900385,122
IG0422,4820148900422,54
IG0514,4820148900514,61
IG0477,4820148900477,18
IG0439,4820148900439,150
KT5379WBE,4779030060105,170
KT5379WSR,4779030060426,114
KT5379WBK,4779030060433,181
KT5379WWE,4779030060440,201
KT5393WYW,4779030060457,265
KT5393WOE,4779030060464,217
KT5393WGY,4779030060471,285
KT5393WWE,4779030060488,298
KT5422WRD,4779030060495,166
KT5422WBE,4779030060501,246
KT5422WYW,4779030060518,120
KT5422WBK,4779030060525,218
KT5436WRD,4779030060532,232
KT5436WBE,4779030060549,47
KT5436WBK,4779030060556,164
KT5436WWE,4779030060563,194
KT5437WRD,4779030060570,164
KT5437WBE,4779030060587,116
KT5437WYW,4779030060594,95
KT5437WWE,4779030060600,203
KT5442WRD,4779030060617,20
KT5442WBE,4779030060624,243
KT5442WYW,4779030060631,214
47P5970,5055166359702,19
47P5973,5055166359733,12
46P6519,5055166358583,24
46P6517,5055166358569,5
44P6438,5055166357685,32
43P6394,5055166357241,23
47P5962,5055166359627,7
47P5960,5055166359603,22
47P5961,5055166359610,17
47P5955,5055166359559,28
47P5954,5055166359542,45
KT5442WWE,4779030060648,259
3946,5710409108126,320
3947,5710409108133,53
3948,5710409108140,53
3949,5710409108157,8
4304,5710409108607,34
4305,5710409108614,64
L30096,3550833300961,44
YO-939,,1
YO-328,YO-328,3
4283,5710409107525,126
4282,5710409107518,560
HE001,5200384504100,73
HE002,5200384504117,129
3443,5710409201391,26
L40018,3550833400180,9
MLSS-BLU-P,5060204033339,4
MLSS-GRN-P,5060204033315,8
MLSS-PIN-P,5060204033353,7
MLSS-CA,5060204030598,8
MLSS-DI,5060204030611,7
MLSS-LB,5060204030567,12
MLSS-PIDR,5060204032967,8
MLTS-BLU-P,5060204033254,1
MLTS-PIN-P,5060204033278,6
MLTS-CA,5060204030758,5
MLTS-DI,5060204030772,1
MLTS-LB,5060204030727,10
MLTS-PIDR,5060204032950,4
ITNM6,3512610454366,35
ITNM4,3512610454342,31
ITN3BASIC,3512610045434,29
ITN4BASIC,3512610045441,34
ITN6BASIC,3512610045465,29
ITN3MAXI,3512610454335,19
ITN4MAXI,3512610454434,8
ITN6MAXI,3512610454632,21
3486,5710409201803,114
3485,5710409201797,213
3487,5710409201810,84
3964,5710409108850,17
SP46604,5060639146604,42
SP46659,5060639146659,22
SP46611,5060639146611,20
SP46024,5060639146024,92
SP46086,5060639146086,144
SP46147,5060639146147,41
41510,3760039941510,52
47P5988,5055166359887,19
46P6555,5055166358941,24
47P5982,5055166359825,9
47P5980,5055166359801,19
48P6036,5055166360364,68
48P6037,5055166360371,20
46P6524,5055166358637,97
46P6552,5055166358910,44
45P6491,5055166358309,9
45P6489,5055166358286,17
48P6016,5055166360166,6
48P6019,5055166360197,4
48P6017,5055166360173,3
45P6504,5055166358439,51
45P6507,5055166358460,52
45P6506,5055166358453,108
45P6508,5055166358477,45
L30084,3550833300848,16
L30090,3550833300909,5
L30102,3550833301029,34
L30103,3550833301036,7
L30114,3550833301142,9
L30115,3550833301159,3
L30121,3550833301210,10
L30136,3550833301364,15
L40065,3550833400654,4
L40077,3550833400777,11
L40079,3550833400791,28
L40081,3550833400814,13
L40082,3550833400821,5
L40083,3550833400838,24
L40085,3550833400852,11
L90110,3550833901106,4
3491,5710409201858,8
3489,5710409201834,25
3962,5710409108836,36
3963,5710409108843,80
4315,5710409108799,93
4316,5710409108805,115
4310,5710409108713,741
3965,5710409108867,102
3966,5710409108874,95
5162,5710409109000,74
AR60798,8427614607982,6
AR60799,8427614607999,2
AR60834,8427614608347,6
AR60835,8427614608354,10
AR60836,8427614608361,13
AR98105,8427614981051,4
AR98121,8427614981211,1
AR98144,8427614981440,2
AR98172,8427614981723,2
AR98169,8427614981693,3
AR60818,8427614608187,67
AR60780,8427614607807,47
AR60832,8427614608323,7
AR50812,8427614508128,1
AR65369,8427614653699,2
AR65374,8427614653743,1
AR65347,8427614653477,22
AR65348,8427614653484,5
AR60787,8427614607876,1
AR60820,8427614608200,7
AR60825,8427614608255,2
AR60754,8427614607548,1
AR65344,8427614653446,5
SP71003,2780015671003,104
SP71454,2780015671454,321
SP40916,5060639140916,85
SP71492,2780015671492,26
SP44365,5060639144365,101
SP47700,5060639147700,69
SP71539,2780015671539,78
SP46673,5060639146673,3
SP46703,5060639146703,17
SP46727,5060639146727,19
4108,5710409103466,21
4107,5710409103459,26
3382,5710409100779,2
3380,5710409100755,2
3383,5710409100786,1
LT036,5060272130763,3
3740,5710409101998,1
3771,5710409103152,1
W2661P,5200384507170,1
6028,5200384516028,169
LS-S12007,4260350561002,1
LS-M04001,4260350560111,3
LS-M04006,4260350560166,1
LS-M04008,857598005005,2
LS-M04009,857598005012,6
BN88110,4019359881105,2
BN88048,4019359880481,61
BN81036,4019359810365,1
BN84148,4019359841482,4
PN60273,4779030060273,847
PN60129,4779030060129,698
8084,5200384518084,1
4188,5710409104258,34
3841,5710409104982,2
3839,5710409104876,2
160246,4041077003347,1
160086,4041077002227,5
BMBT-DO,718856156894,3
BMDF-0001,817742021176,2
BMPF-0044-EU,817742023972,3
40P3609,5055166355599,1
40957,3760039940957,76
AR60278,8427614602789,1
AR98056,8427614980566,1
3840,5710409104975,1
BMWG-0002,817742020384,2
3404,5710409105385,6
39P3528,5055166353281,23
B0837,6938242957070,88
B0750,6938242956004,12
MCP-FO,5060204030529,48
IG0316,4820148900316,6
43P6389,5055166357197,48
MCP-CO,5060204030116,11
42P6319,5055166356497,4
42P6322,5055166356527,18
44P6436,5055166357661,11
IG0194,4820148900194,74
ITBANI,3512610140009,9
ITB6+,3512610660002,4
MCP-BLU-P,5060204030178,24
PN60389,4779030060389,3
AR40605,8427614406059,1
B0538,6938242953089,105
B0550,6938242953102,28
B0576,6938242953362,220
AR98118,8427614981181,3
3448,5710409201421,8
IG0507,4820148900507,52
HE003,5200384504124,128
IG0606,4820148900606,102
977554,5712854626620,81
47P5979,5055166359795,21
L30131,3550833301319,57
L40078,3550833400784,8
L40080,3550833400807,10
L90112,3550833901120,7
AR40852,8427614408527,4
AR40853,8427614408534,23
AR40856,8427614408565,8
AR40870,8427614408701,5
AR40871,8427614408718,20
AR40872,8427614408725,18
MT7101,191856071013,7
MT7102,191856071020,31
MT7103,191856071037,40
MT7105,191856071051,210
MT7106,191856071068,219
MT7107,191856071075,44
MT7108,191856071082,61
MT7111,191856071112,69
MT7112,191856071129,172
MT7113,191856071136,93
MT7116,191856071167,37
MT7117,191856071174,137
MT7118,191856071181,10
MT7119,191856071198,8
MT7120,191856071204,62
MT7201,191856072010,47
MT7202,191856072027,172
MT7204,191856072041,61
MT7205,191856072058,146
MT7206,191856072065,199
MT7304,191856073048,19
MT7305,191856073055,215
MT7306,191856073062,2
MT7308,191856073086,10
MT7309,191856073093,199
MT7312,191856073123,181
MT7401,191856074014,47
MT7402,191856074021,58
MT7403,191856074038,63
MT7404,191856074045,60
MT7405,191856074052,62
MT7406,191856074069,16
MT7408,191856074083,17
MT7411,191856074113,257
MT7415,191856074151,7
MT7417,191856074175,159
MT7503,191856075035,17
MT7505,191856075059,11
MT7506,191856075066,15
MT7511,191856075110,167
MT7512,191856075127,78
MT7513,191856075134,316
MT7532,191856075325,17
MT7631,191856076315,63
MT7632,191856076322,210
MT7651,191856076513,207
MT7701,191856077015,8
MT7742,191856077428,180
MT7743,191856077435,184
MT7901,191856079019,14
MT7902,191856079026,7
MT7904,191856079040,25
MT7913,191856079132,96
MT7918,191856079187,196
MT7919,191856079194,44
MT7933,191856079330,22
MT7935,191856079354,7
MT7941,191856079415,5
MT7971,191856079712,1
MCP-BS-PI,5060204030161,33
MCP-PL-GR,5060204030703,38
4940,5200384504940,10
4896,5200384504896,31
4780,5200384504780,30
4858,5200384504858,19
4902,5200384504902,42
4933,5200384504933,36
4827,5200384504827,47
SPLAY2,0000000002222,1
4681,5200384504681,16
4698,5200384504698,18
4513,5200384504513,22
4537,5200384504537,18
4575,5200384504575,37
4599,5200384504599,39
4490,5200384504490,64
4551,5200384504551,30
4643,5200384504643,52
4667,5200384504667,50
IG0590,4820148900590,55
IG0736,4820148900736,34
IG0729,4820148900729,33
IG0552,4820148900552,83
SP70211HYP,2780015670211,1221
SP70013HYP,2780015670013,1047
5163,5710409109017,80
49P6048,5055166360487,48
49P6049,5055166360494,18
49P6065,5055166360654,1
49P6052,5055166360524,10
49P6053,5055166360531,10
49P6057,5055166360579,67
49P6058,5055166360586,12
49P6081,5055166360814,107
49P6070,5055166360708,4
49P6071,5055166360715,8
49P6060,5055166360609,1
49P6061,5055166360616,7
03929,5200384503929,15
04209,5200384504209,45
4650,5200384504650,81
SP47663,5060639147663,1
3974,5710409109147,105
BBU14-01,8699296254543,153
BBU14-02,8699296254550,106
BBU14-03,8699296254567,85
BBU16-01,8699296255175,32
BBU16-02,8699296255182,30
BBU16-03,8699296255199,58
BBU29-09,8699296255427,43
YKO-01,8699296259517,46
YKO-03,8699296259531,29
YKO-05,8699296259555,43
YKO-11,8699296259616,13
ZDB-130,8699296253072,157
ZDB-131,8699296253089,99
ZDB-132,8699296253096,88
ZDSET-100,8699296253058,93
ZKG500-201,8699296256585,183
ZKG500-203,8699296256608,75
ZKG500-204,8699296256615,50
3972,5710409109123,9
3989,5710409109925,39
3991,5710409109949,74
3961,5710409108829,10
3960,5710409108812,7
4322,5710409109994,141
4323,5710409110006,176
4324,5710409110013,490
4325,5710409110020,76
4326,5710409110037,109
4327,5710409110044,130
4329,5710409110068,96
8168,5710409202121,5
8169,,7
8170,,7
8171,,6
8172,,6
8173,5710409202121,8
3992,5710409202046,8
8183,5710409202138,44
3447,5710409108102,7
3988,5710409109918,77
3990,5710409109932,84
50P6137,5055166361378,25
50P6164,5055166361644,23
50P6165,5055166361651,60
50P6140,5055166361408,11
50P6141,5055166361415,65
48P6023,5055166360234,20
48P6025,5055166360258,54
47P5965,5055166359658,84
47P5968,5055166359689,71
50P6173,5055166361736,43
47P5933,5055166359337,36
50P6103,5055166361033,6
46P6548,5055166358873,50
48P6003,5055166360036,49
48P6001,5055166360012,39
48P6010,5055166360104,64
48P6009,5055166360098,27
48P6008,5055166360418,67
L30081,3550833300817,10
L30083,3550833300831,16
L30139,3550833301395,11
L30142,3550833301425,7
L30144,3550833301449,16
L30145,3550833301456,160
L30146,3550833301463,4
L30147,3550833301470,12
L40087,3550833400876,3
L40089,3550833400890,36
L50101,3550833501016,10
L90060,3550833900604,16
L90061,3550833900611,10
L90063,3550833900635,16
L30143,3550833301432,11
MLSW-PE-18-24,5060204034374,5
MLSW-PE-2-3,5060204034381,5
MLSW-PE-3-4,5060204034398,5
MLSW-DI-18-24,5060204034343,5
MLSW-DI-2-3,5060204034350,5
MLSW-DI-3-4,5060204034367,5
MLSW-PIDR-18-24,5060204034404,4
MLSW-PIDR-2-3,5060204034411,5
MLSW-PIDR-3-4,5060204034428,4
4338,5710409110501,269
4339,5710409110518,80
4340,5710409110525,318
4341,5710409110532,107
4343,5710409111058,100
4342,5710409111041,79
L20021,3550833200216,3
111710,5425020500814,2
111910,5425020500791,3
112010,5425020500838,3
111703,5425020500807,4
111803,5425020500760,3
111903,5425020500784,5
112003,5425020500821,1
SP70297HYP,2780015670297,251
2323855,8906139541556,219
2102131,8906139540900,209
2102133,8906139540924,127
2102285,8906139541648,207
310477,8906139546131,223
2202010,8906139540542,219
2202011,8906139540559,193
2202013,8906139540573,215
310426,8906139546025,180
MCP-NT-BE,5060204034619,10
L2246,3550839922464,10
L30148,3550833301487,38
DS-214,8699296259852,39
4334,5710409110433,12
3998,5710409202114,37
FSP-01,8699296258305,35
FSP-02,8699296258312,39
DS-216,8699296259876,63
DS-215,8699296259869,73
DS-213,8699296259845,96
PSMTB-001,8699296257261,71
PSMTB-002,8699296257278,66
EKOSET-101,8699296257582,156
EKOSET-100,8699296257513,137
EKOSET-103,8699296257674,142
EKOSET-105,8699296257698,156
SP48264,5060639148264,21
SP48424,5060639148424,19
SP48370,5060639148370,11
SP48363,5060639148363,8
SP48325,5060639148325,14
SP48332,5060639148332,26
B0377C,6938242952372,282
B0667F,6938242955281,207
B0680C,6938242955519,427
B0683,6938242955557,274
B0722,6938242955922,57
B0779,6938242956394,142
B0806,6938242956769,40
B0838,6938242957087,52
B0839,6938242957094,31
B0877,6938242957377,122
B0880,6938242957506,42
B0883D,6938242957537,332
B0892,6938242957629,34
B0965,6938242958251,22
B0966,6938242958268,48
B1010,6938242958800,48
B1020,6938242958909,45
B1021,6938242958916,50
B1023,6938242958930,48
B1063,6938242959234,44
B1106,6938242959760,207
B1127,6938242959975,42
B1212D,6938242960827,176
B1217B,6938242960896,341
B1217C,6938242960896,163
B1218,6938242960971,28
B1219,6938242960988,16
B1220,6938242960995,29
B1255,6938242962104,290
B1258,6938242962135,64
B1266,6938242962210,17
B1267,6938242962227,31
B1289,6938242962555,56
B1316,6938242962814,67
B1328C,6938242962999,376
B1330,6938242963026,72
4337,5710409110464,19
51P6199,5055166361996,19
51P6200,5055166362009,19
51P6201,5055166362016,14
51P6202,5055166362023,18
51P6183,5055166361835,10
51P6204,5055166362047,42
51P6224,5055166362245,67
51P6225,5055166362252,42
51P6226,5055166362269,41
51P6227,5055166362276,69
51P6210,5055166362108,59
51P6211,5055166362115,60
4293,5710409108072,24
4245,5710409105521,33
4331,5710409110280,28
L20020,3550833200209,3
L30141,3550833301418,20
L40090,3550833400906,3
L50052,3550833500521,85
L50053,3550833500538,27
L50054,3550833500545,26
L90051,3550833900512,6
977541,5712854625739,11
970851,5712854586993,31
977540,5712854625715,54
977548,5712854625876,21
977811,5712854777483,80
SV03022,5208006030228,14
SV03050,5208006030501,24
SV05005,5208006050059,11
SV05007,5208006050073,9
SV11131,5208006111316,17
SV11133,5208006111330,10
SV11136,5208006111361,21
SV12512,5208006125122,24
SV12514,5208006125146,25
SV12520,5208006125207,4
SV12522,5208006125221,14
SV13010,5208006130102,61
SV13013,5208006130133,59
SV13014,5208006130140,17
SV13042,5208006130423,298
SV12513,5208006125139,26
SV13062,5208006130621,17
SV14035,5208006140354,10
SV14057,5208006140576,18
SV23033,5208006230338,33
SV23043,5208006230437,20
SV23046,5208006230468,11
SV23049,5208006230499,48
SV23058,5208006230581,48
SV23060,5208006230604,45
SV23090,5208006230901,30
SV23091,5208006230918,47
SV23092,5208006230925,33
SV23131,5208006231311,71
SV23133,5208006231335,30
SV23136,5208006231366,17
SV23137,5208006231373,33
SV23148,5208006231489,16
SV23149,5208006231496,24
SV23183,5208006231830,8
SV23184,5208006231847,16
SV23185,5208006231854,17
SV23305,5208006233056,42
SV36012,5208006360127,16
SV12010A,5208006120103,16
SV12010B,5208006120103,17
SV12010D,5208006120103,20
SV12010E,5208006120103,18
SV12010F,5208006120103,16
48P5998,5055166359986,15
47P5981,5055166359818,17
50P6136,5055166361361,24
AR40861,8427614408619,21
AR40921,8427614409210,34
AR40922,8427614409227,18
AR50866,8427614508661,3
AR50889,8427614508890,8
AR50892,8427614508920,8
AR50893,8427614508937,11
AR50894,8427614508944,42
AR50895,8427614508951,16
AR60805,8427614608057,12
AR60807,8427614608071,11
AR60813,8427614608132,15
AR60827,8427614608279,1
AR60857,8427614608576,7
AR60859,8427614608590,7
AR60864,8427614608644,25
AR60865,8427614608651,14
AR60874,8427614608743,6
AR60885,8427614608859,8
AR60899,8427614608996,2
AR60902,8427614609023,1
AR65386,8427614653866,10
AR65387,8427614653873,6
AR98195,8427614981952,1
AR600/D,8427614006006,19
AR601/D,8427614006013,11
AR602/D,8427614006020,15
AR603/D,8427614006037,9
AR6334,8427614063344,8
AR6369,8427614063696,10
AR6372,8427614063726,10
AR21580,8427614215804,11
AR21582,8427614215828,11
AR21583,8427614215835,12
AR21584,8427614215842,8
AR21585,8427614215859,4
AR21586,8427614215866,4
AR21589,8427614215897,3
AR40923,8427614409234,16
SP47939,5060639147939,90
SP48509,5060639148509,143
SP47908,5060639147908,104
6470,5200384506470,33
6487,5200384506487,23
5831,5200384505831,38
5862,5200384505862,28
5886,5200384505886,12
6654,5200384506654,2
5794,5200384505794,18
5800,5200384505800,43
8320,5200384508320,11
8306,5200384508306,29
8344,5200384508344,52
8290,5200384508290,35
8337,5200384508337,11
8283,5200384508283,29
5763,5200384505763,61
6500,5200384506500,43
SV36014,5208006360141,83
AR6054-01,AR6054-01,1
AR6054-02,AR6054-02,2
AR6054-03,AR6054-03,2
AR6054-04,AR6054-04,6
AR6054-05,AR6054-05,2
AR6054-06,AR6054-06,2
AR6055-01,AR6055-01,1
AR6055-04,AR6055-04,1
AR6055-06,AR6055-06,2
AR6055-07,AR6055-07,6
AR6056-01,AR6056-01,1
AR6056-03,AR6056-03,2
AR6056-04,AR6056-04,1
AR6056-06,AR6056-06,2
AR6056-07,AR6056-07,2
AR6056-08,AR6056-08,3
AR6056-09,AR6056-09,1
AR6056-10,AR6056-10,2
AR6057-01,AR6057-01,3
AR6057-02,AR6057-02,4
AR6057-03,AR6057-03,4
AR6057-04,AR6057-04,2
AR6057-05,AR6057-05,2
AR6057-06,AR6057-06,2
AR6057-07,AR6057-07,1
AR6057-08,AR6057-08,1
AR6057-09,AR6057-09,1
AR6057-10,AR6057-10,1
AR6057-11,AR6057-11,1
AR6078-01,AR6078-01,1
AR6078-02,AR6078-02,1
4351,5710409111485,49
4346,5710409111430,32
52P6383,5055166363839,47
52P6384,5055166363846,70
52P6302,5055166363020,39
52P6304,5055166363044,38
52P6305,5055166363051,45
52P6306,5055166363068,2
52P6307,5055166363075,34
52P6251,5055166362511,24
52P6252,5055166362528,24
52P6253,5055166362535,18
52P6254,5055166362542,21
52P6352,5055166363525,10
52P6316A,5055166363167,2
52P6316B,5055166363167,11
52P6316C,5055166363167,3
52P6328A,5055166363280,22
52P6328B,5055166363280,18
52P6328C,5055166363280,18
52P6328D,5055166363280,22
52P6330A,5055166363303,16
52P6330B,5055166363303,16
52P6330C,5055166363303,13
52P6330D,5055166363303,16
52P6330E,5055166363303,15
52P6330F,5055166363303,14
52P6353,5055166363532,43
52P6337,5055166363372,63
52P6339,5055166363396,66
52P6340,5055166363402,63
52P6270,5055166362702,28
52P6271,5055166362719,28
52P6273,5055166362733,30
52P6277,5055166362771,27
52P6278,5055166362788,26
52P6279,5055166362795,29
52P6282,5055166362825,12
52P6283,5055166362832,12
52P6285,5055166362856,11
52P6289,5055166362894,13
52P6290,5055166362900,9
52P6291,5055166362917,13
52P6342A,5055166363426,9
52P6309,5055166363099,23
52P6342B,5055166363426,10
52P6342D,5055166363426,16
52P6342C,5055166363426,14
52P6310,5055166363105,23
52P6298A,5055166362986,12
52P6298B,5055166362986,15
52P6298C,5055166362986,9
52P6312A,5055166363129,14
52P6312B,5055166363129,10
52P6312C,5055166363129,12
52P6347,5055166363471,42
52P6320A,5055166363204,15
52P6320B,5055166363204,22
52P6320C,5055166363204,13
51P6192,5055166361927,21
51P6189,5055166361897,20
L50057,3550833500576,258
L50056,3550833500569,262
L50055,3550833500552,40
L30155,3550833301555,42
L30150,3550833301500,31
L30154,3550833301548,17
L30138,3550833301388,12
L40091,3550833400913,15
L40092,3550833400920,21
L40093,3550833400937,19
L30151,3550833301517,13
L30149,3550833301494,6
L40095,3550833400951,5
L90113,3550833901137,6
L10026,3550833100264,2
L20022,3550833200223,2
SV02005,5208006020052,12
SV03005,5208006030051,48
SV03006,5208006030068,72
SV03011,5208006030112,72
SV13130A,5208006131307,120
SV13131,5208006131314,300
SV13130B,5208006131307,120
SV13130C,5208006131307,120
SV14070,5208006140705,24
SV14071,5208006140712,48
SV14073,5208006140736,14
SV14082A,5208006140828,21
SV14082B,5208006140828,24
SV14082C,5208006140828,24
SV23050,5208006230505,36
SV23172,5208006231724,54
SV23350,5208006233506,21
SV36003,5208006360035,24
SV36013,5208006360134,24
SV23051,5208006230512,36
SV23052,5208006230529,36
SV23053,5208006230536,36
SV23071,5208006230710,24
SV23072,5208006230727,24
SV23073,5208006230734,24
5915,5200384515915,0
78812,5707167697726,0
4089,5710409103039,0
4090,5710409103046,0
LT068,5060272131784,0
LT066,5060272131722,0
4105,5710409103367,0
LT032,5060272130688,0
3763,5710409102834,0
3775,5710409103527,0
Y0030,,0
7278,5200384517278,0
7360,5200384517360,0
7353,5200384517353,0
7254,5200384517254,0
G0607n,5200384516332,0
6944,5200384506944,0
160170,4041077002487,0
SP70297,2780015670297,0
SP42255,5060639145867,0
BN82067,4019359820678,0
BN88016,4019359880160,0
BN83699,4019359836990,0
BN88097,4019359880979,0
BN83724,4019359837249,0
BN86553,4019359865532,0
BN88119,4019359881198,0
PN60112,4779030060112,0
PN60198,4779030060198,0
PN60358,4779030060358,0
PN60174,4779030060174,0
BN33026,4019359330269,0
AR6057,8427614060572,0
3832,5710409104807,0
4116,5710409103640,0
3838,5710409104869,0
3223,5710409200707,0
SP42408,5060639142408,0
AR6054,8427614060541,0
AR6055,8427614060558,0
AR6056,8427614060565,0
JUG0259,8435418802212,0
38P3417,5055166352178,0
38P3416,5055166352161,0
LT142,5060272132903,0
LT144,5060272132965,0
LT145,5060272132996,0
0782,5200384500782,0
AR6078,8427614060787,0
3411,5710409201063,0
3853,5710409105637,0
3408,5710409201032,0
3409,5710409201049,0
35P2416,5055166346160,0
AR6037,8427614060374,0
B0853,6938242957131,0
111203,5425020500234,0
111212,5425020500241,0
111303,5425020500265,0
110612,5425020500111,0
111112,5425020500210,0
210108,5425020500371,0
210201,5425020500388,0
210401,5425020500425,0
210408,5425020500432,0
210501,5425020500449,0
210708,5425020500494,0
BN82057,4019359820579,0
BN81571,4019359815711,0
43P6408,5055166357388,0
YO51892,4260243451892,0
YO51724,4260243451724,0
212501,5425020500630,0
212201,5425020500623,0
212101,5425020500616,0
42P6320,5055166356503,0
41P3663,5055166356138,0
40P3602,5055166355520,0
44P6447,5055166357777,0
44P6446,5055166357760,0
ITBBM6,3512610600008,0
CL0003,5200384501536,0
ITNCDPE,3512610454427,0
ITNCDEC,3512610454458,0
MJMPS,3512610053149,0
MJMPF,3512610353119,0
MJMPV,3512610353126,0
JART5007,3760077550071,0
SILH00,3512610244004,0
3911,5710409106900,0
SP45508,5060639145508,0
SP45492,5060639145492,0
SP45713,5060639145713,0
SP45720,5060639145720,0
SP45638,5060639145638,0
SP45607,5060639145607,0
SP45584,5060639145584,0
SP45577,5060639145577,0
SP45560,5060639145560,0
SP45157,5060639145157,0
AR6090,8427614060909,0
BN86451,4019359864511,0
YO50444,4260243450444,0
3930,5710409107594,0
BN88087,4019359880870,0
L2777,3550839927773,0
L2873,3550839928732,0
L3450,3550839934504,0
L30042,3550833300428,0
L2795RO,3550839427952,0
L30085,3550833300855,0
SP46390,5060639146390,0
SP46420,5060639146420,0
SP44495,5060639144495,0
SP46376,5060639146376,0
SP46406,5060639146406,0
SP46352,5060639146352,0
SP46369,5060639146369,0
L40060,3550833400609,0
46P6537,5055166358767,0
AR50730,8427614507305,0
3852,5710409105408,0
4292,5710409108065,0
MLTS-GRN-P,5060204033230,0
AR40823,8427614408237,0
JFC00,3512610513001,0
ITBMDLSCO,3512610003144,0
SP46666,5060639146666,0
SP47021,5060639147021,0
SP46635,5060639146635,0
SP46642,5060639146642,0
SP46598,5060639146598,0
SP46581,5060639146581,0
SP46697,5060639146697,0
SP46628,5060639146628,0
48P6029,5055166360296,0
46P6544,5055166358835,0
46P6542,5055166358811,0
48P6018,5055166360180,0
AR65366,8427614653668,0
AR65365,8427614653651,0
AR65317,8427614653170,0
SP46680,5060639146680,0
SP46864,5060639146864,0
SP46871,5060639146871,0
SP46895,5060639146895,0
SP46901,5060639146901,0
SP46918,5060639146918,0
SP46925,5060639146925,0
SP46932,5060639146932,0
SP46949,5060639146949,0
SP47038,5060639147038,0
SP46963,5060639146963,0
SP46970,5060639146970,0
SP46994,5060639146994,0
SP47007,5060639147007,0
SP47014,5060639147014,0
L90042,3550833900420,0
78813,5707167697771,0
3751,5710409102575,0
4092,5710409103060,0
4104,5710409103350,0
LT055,5060272131395,0
LT011,5060272130268,0
LT027,5060272130589,0
LT003,5060272130145,0
3770,5710409103145,0
3762,5710409102919,0
3761,5710409102896,0
BN16013,4019359160132,0
PN60334,4779030060334,0
3834,5710409104821,0
3836,5710409104845,0
36P2630,5055166347921,0
33P2101,5055166343510,0
40P3608,5055166355582,0
40P3607,5055166355575,0
39P3509,5055166353090,0
0768,5200384500768,0
LT158,5060272133412,0
LT149,5060272133139,0
44P6431,5055166357616,0
IG0408,4820148900408,0
ITNCDLA,3512610454359,0
POLY00,3512610010005,0
3379,5710409101219,0
L40062,3550833400623,0
YO-893,,0
L2795BL,3550839227958,0
L30073,3550833300732,0
SP45973,5060639145973,0
HE005,5200384504148,0
AR40821,8427614408213,0
AR40850,8427614408503,0
SP46987,5060639146987,0
MT7414,191856074144,0
3973,5710409109130,0
L90041,3550833900413,0
49P6075,5055166360753,0
49P6076,5055166360760,0
49P6066,5055166360661,0
04056,5200384504056,0
SP47601,5060639147601,0
SP47618,5060639147618,0
SP47625,5060639147625,0
SP47649,5060639147649,0
SP47656,5060639147656,0
SP47670,5060639147670,0
YKP-01,8699296250033,0
ZKG500-205,8699296256622,0
ZKG500-206,8699296257346,0
3993,5710409202053,0
50P6102,5055166361026,0
48P6002,5055166360029,0
111810,5425020500777,0
48P6005,5055166360050,0
HC006p,5200384504254,0
SP48165,5060639148165,0
SP48189,5060639148189,0
SP48301,5060639148301,0
SP48288,5060639148288,0
SP48400,5060639148400,0
SP48356,5060639148356,0
B0971,6938242958312,0
SV12010C,5208006120103,0
AR98183,8427614981839,0
AR98196,8427614981969,0
AR21581,8427614215811,0
AR21587,8427614215873,0
AR21588,8427614215880,0
5787,5200384505787,0
8313,5200384508313,0
AR6055-03,AR6055-03,0
AR6055-02,AR6055-02,0
AR6055-05,AR6055-05,0
AR6055-08,AR6055-08,0
AR6056-02,AR6056-02,0
AR6056-05,AR6056-05,0
L30153,3550833301531,0
L30157,3550833301531,0
L90047,3550833900475,0
